Electoral district number,Electoral district name,Political affiliation (2011),% Votes obtained (2011)
59001,Abbotsford,Conservative ,66.9
59001,Abbotsford,NDP-New Democratic Party ,19.2
59001,Abbotsford,Liberal ,8.7
59001,Abbotsford,Bloc Quebecois ,0.0
59001,Abbotsford,Green Party ,4.7
59001,Abbotsford,Other ,0.5
24001,Abitibi--Baie-James--Nunavik--Eeyou,Conservative ,22.6
24001,Abitibi--Baie-James--Nunavik--Eeyou,NDP-New Democratic Party ,44.8
24001,Abitibi--Baie-James--Nunavik--Eeyou,Liberal ,10.5
24001,Abitibi--Baie-James--Nunavik--Eeyou,Bloc Quebecois ,18.3
24001,Abitibi--Baie-James--Nunavik--Eeyou,Green Party ,3.9
24001,Abitibi--Baie-James--Nunavik--Eeyou,Other ,0.0
24002,Abitibi--Temiscamingue,Conservative ,9.9
24002,Abitibi--Temiscamingue,NDP-New Democratic Party ,51.2
24002,Abitibi--Temiscamingue,Liberal ,5.9
24002,Abitibi--Temiscamingue,Bloc Quebecois ,31.5
24002,Abitibi--Temiscamingue,Green Party ,1.4
24002,Abitibi--Temiscamingue,Other ,0.0
13001,Acadie--Bathurst,Conservative ,16.5
13001,Acadie--Bathurst,NDP-New Democratic Party ,69.1
13001,Acadie--Bathurst,Liberal ,14.3
13001,Acadie--Bathurst,Bloc Quebecois ,0.0
13001,Acadie--Bathurst,Green Party ,0.1
13001,Acadie--Bathurst,Other ,0.0
24003,Ahuntsic-Cartierville,Conservative ,8.6
24003,Ahuntsic-Cartierville,NDP-New Democratic Party ,29.9
24003,Ahuntsic-Cartierville,Liberal ,31.1
24003,Ahuntsic-Cartierville,Bloc Quebecois ,28.3
24003,Ahuntsic-Cartierville,Green Party ,1.5
24003,Ahuntsic-Cartierville,Other ,0.6
35001,Ajax,Conservative ,44.2
35001,Ajax,NDP-New Democratic Party ,15.0
35001,Ajax,Liberal ,37.9
35001,Ajax,Bloc Quebecois ,0.0
35001,Ajax,Green Party ,2.7
35001,Ajax,Other ,0.1
24004,Alfred-Pellan,Conservative ,11.2
24004,Alfred-Pellan,NDP-New Democratic Party ,42.2
24004,Alfred-Pellan,Liberal ,22.3
24004,Alfred-Pellan,Bloc Quebecois ,22.4
24004,Alfred-Pellan,Green Party ,1.5
24004,Alfred-Pellan,Other ,0.5
35002,Algoma--Manitoulin--Kapuskasing,Conservative ,32.5
35002,Algoma--Manitoulin--Kapuskasing,NDP-New Democratic Party ,49.9
35002,Algoma--Manitoulin--Kapuskasing,Liberal ,14.5
35002,Algoma--Manitoulin--Kapuskasing,Bloc Quebecois ,0.0
35002,Algoma--Manitoulin--Kapuskasing,Green Party ,3.1
35002,Algoma--Manitoulin--Kapuskasing,Other ,0.0
24005,Argenteuil--La Petite-Nation,Conservative ,14.7
24005,Argenteuil--La Petite-Nation,NDP-New Democratic Party ,45.0
24005,Argenteuil--La Petite-Nation,Liberal ,13.7
24005,Argenteuil--La Petite-Nation,Bloc Quebecois ,23.3
24005,Argenteuil--La Petite-Nation,Green Party ,2.6
24005,Argenteuil--La Petite-Nation,Other ,0.6
35003,Aurora--Oak Ridges--Richmond Hill,Conservative ,51.5
35003,Aurora--Oak Ridges--Richmond Hill,NDP-New Democratic Party ,16.0
35003,Aurora--Oak Ridges--Richmond Hill,Liberal ,27.9
35003,Aurora--Oak Ridges--Richmond Hill,Bloc Quebecois ,0.0
35003,Aurora--Oak Ridges--Richmond Hill,Green Party ,3.5
35003,Aurora--Oak Ridges--Richmond Hill,Other ,1.2
10001,Avalon,Conservative ,37.1
10001,Avalon,NDP-New Democratic Party ,28.5
10001,Avalon,Liberal ,33.2
10001,Avalon,Bloc Quebecois ,0.0
10001,Avalon,Green Party ,0.6
10001,Avalon,Other ,0.6
24006,Avignon--La Mitis--Matane--Matapedia,Conservative ,13.2
24006,Avignon--La Mitis--Matane--Matapedia,NDP-New Democratic Party ,26.6
24006,Avignon--La Mitis--Matane--Matapedia,Liberal ,23.2
24006,Avignon--La Mitis--Matane--Matapedia,Bloc Quebecois ,34.5
24006,Avignon--La Mitis--Matane--Matapedia,Green Party ,2.5
24006,Avignon--La Mitis--Matane--Matapedia,Other ,0.0
48001,Banff--Airdrie,Conservative ,70.7
48001,Banff--Airdrie,NDP-New Democratic Party ,13.1
48001,Banff--Airdrie,Liberal ,8.1
48001,Banff--Airdrie,Bloc Quebecois ,0.0
48001,Banff--Airdrie,Green Party ,7.7
48001,Banff--Airdrie,Other ,0.4
35004,Barrie--Innisfil,Conservative ,61.3
35004,Barrie--Innisfil,NDP-New Democratic Party ,20.3
35004,Barrie--Innisfil,Liberal ,12.5
35004,Barrie--Innisfil,Bloc Quebecois ,0.0
35004,Barrie--Innisfil,Green Party ,5.3
35004,Barrie--Innisfil,Other ,0.6
35005,Barrie--Springwater--Oro-Medonte,Conservative ,54.6
35005,Barrie--Springwater--Oro-Medonte,NDP-New Democratic Party ,20.0
35005,Barrie--Springwater--Oro-Medonte,Liberal ,16.9
35005,Barrie--Springwater--Oro-Medonte,Bloc Quebecois ,0.0
35005,Barrie--Springwater--Oro-Medonte,Green Party ,6.1
35005,Barrie--Springwater--Oro-Medonte,Other ,2.4
47001,Battlefords--Lloydminster,Conservative ,65.9
47001,Battlefords--Lloydminster,NDP-New Democratic Party ,28.1
47001,Battlefords--Lloydminster,Liberal ,3.4
47001,Battlefords--Lloydminster,Bloc Quebecois ,0.0
47001,Battlefords--Lloydminster,Green Party ,2.6
47001,Battlefords--Lloydminster,Other ,0.0
48002,Battle River--Crowfoot,Conservative ,83.1
48002,Battle River--Crowfoot,NDP-New Democratic Party ,9.8
48002,Battle River--Crowfoot,Liberal ,2.2
48002,Battle River--Crowfoot,Bloc Quebecois ,0.0
48002,Battle River--Crowfoot,Green Party ,3.9
48002,Battle River--Crowfoot,Other ,1.0
35006,Bay of Quinte,Conservative ,51.8
35006,Bay of Quinte,NDP-New Democratic Party ,23.0
35006,Bay of Quinte,Liberal ,20.9
35006,Bay of Quinte,Bloc Quebecois ,0.0
35006,Bay of Quinte,Green Party ,3.8
35006,Bay of Quinte,Other ,0.5
35007,Beaches--East York,Conservative ,22.7
35007,Beaches--East York,NDP-New Democratic Party ,41.6
35007,Beaches--East York,Liberal ,30.8
35007,Beaches--East York,Bloc Quebecois ,0.0
35007,Beaches--East York,Green Party ,4.6
35007,Beaches--East York,Other ,0.3
24007,Beauce,Conservative ,50.7
24007,Beauce,NDP-New Democratic Party ,30.0
24007,Beauce,Liberal ,11.0
24007,Beauce,Bloc Quebecois ,6.7
24007,Beauce,Green Party ,1.6
24007,Beauce,Other ,0.0
24020,Beauport-Cote-de-Beaupre-ile d'Orleans-Charlevoix,Conservative ,23.0
24020,Beauport-Cote-de-Beaupre-ile d'Orleans-Charlevoix,NDP-New Democratic Party ,38.2
24020,Beauport-Cote-de-Beaupre-ile d'Orleans-Charlevoix,Liberal ,5.3
24020,Beauport-Cote-de-Beaupre-ile d'Orleans-Charlevoix,Bloc Quebecois ,31.7
24020,Beauport-Cote-de-Beaupre-ile d'Orleans-Charlevoix,Green Party ,1.7
24020,Beauport-Cote-de-Beaupre-ile d'Orleans-Charlevoix,Other ,0.1
24008,Beauport--Limoilou,Conservative ,25.3
24008,Beauport--Limoilou,NDP-New Democratic Party ,45.9
24008,Beauport--Limoilou,Liberal ,6.4
24008,Beauport--Limoilou,Bloc Quebecois ,20.1
24008,Beauport--Limoilou,Green Party ,1.9
24008,Beauport--Limoilou,Other ,0.5
13002,Beausejour,Conservative ,31.7
13002,Beausejour,NDP-New Democratic Party ,23.4
13002,Beausejour,Liberal ,40.7
13002,Beausejour,Bloc Quebecois ,0.0
13002,Beausejour,Green Party ,4.2
13002,Beausejour,Other ,0.0
24009,Becancour--Nicolet--Saurel,Conservative ,13.0
24009,Becancour--Nicolet--Saurel,NDP-New Democratic Party ,35.6
24009,Becancour--Nicolet--Saurel,Liberal ,10.1
24009,Becancour--Nicolet--Saurel,Bloc Quebecois ,38.3
24009,Becancour--Nicolet--Saurel,Green Party ,3.0
24009,Becancour--Nicolet--Saurel,Other ,0.0
24010,Bellechasse--Les Etchemins--Levis,Conservative ,43.9
24010,Bellechasse--Les Etchemins--Levis,NDP-New Democratic Party ,33.8
24010,Bellechasse--Les Etchemins--Levis,Liberal ,5.8
24010,Bellechasse--Les Etchemins--Levis,Bloc Quebecois ,14.9
24010,Bellechasse--Les Etchemins--Levis,Green Party ,1.5
24010,Bellechasse--Les Etchemins--Levis,Other ,0.0
24011,Beloeil--Chambly,Conservative ,7.9
24011,Beloeil--Chambly,NDP-New Democratic Party ,42.6
24011,Beloeil--Chambly,Liberal ,9.0
24011,Beloeil--Chambly,Bloc Quebecois ,27.4
24011,Beloeil--Chambly,Green Party ,1.6
24011,Beloeil--Chambly,Other ,11.5
24012,Berthier--Maskinonge,Conservative ,12.7
24012,Berthier--Maskinonge,NDP-New Democratic Party ,41.2
24012,Berthier--Maskinonge,Liberal ,12.1
24012,Berthier--Maskinonge,Bloc Quebecois ,31.0
24012,Berthier--Maskinonge,Green Party ,2.3
24012,Berthier--Maskinonge,Other ,0.6
10002,Bonavista--Burin--Trinity,Conservative ,30.5
10002,Bonavista--Burin--Trinity,NDP-New Democratic Party ,13.9
10002,Bonavista--Burin--Trinity,Liberal ,54.5
10002,Bonavista--Burin--Trinity,Bloc Quebecois ,0.0
10002,Bonavista--Burin--Trinity,Green Party ,0.9
10002,Bonavista--Burin--Trinity,Other ,0.2
24015,Bourassa,Conservative ,8.2
24015,Bourassa,NDP-New Democratic Party ,32.4
24015,Bourassa,Liberal ,38.5
24015,Bourassa,Bloc Quebecois ,19.0
24015,Bourassa,Green Party ,1.6
24015,Bourassa,Other ,0.4
48003,Bow River,Conservative ,83.4
48003,Bow River,NDP-New Democratic Party ,8.2
48003,Bow River,Liberal ,3.5
48003,Bow River,Bloc Quebecois ,0.0
48003,Bow River,Green Party ,3.4
48003,Bow River,Other ,1.5
35008,Brampton Centre,Conservative ,46.4
35008,Brampton Centre,NDP-New Democratic Party ,23.2
35008,Brampton Centre,Liberal ,25.4
35008,Brampton Centre,Bloc Quebecois ,0.0
35008,Brampton Centre,Green Party ,4.4
35008,Brampton Centre,Other ,0.6
35009,Brampton East,Conservative ,29.5
35009,Brampton East,NDP-New Democratic Party ,37.6
35009,Brampton East,Liberal ,30.7
35009,Brampton East,Bloc Quebecois ,0.0
35009,Brampton East,Green Party ,1.7
35009,Brampton East,Other ,0.5
35010,Brampton North,Conservative ,48.9
35010,Brampton North,NDP-New Democratic Party ,18.8
35010,Brampton North,Liberal ,28.2
35010,Brampton North,Bloc Quebecois ,0.0
35010,Brampton North,Green Party ,3.7
35010,Brampton North,Other ,0.5
35011,Brampton South,Conservative ,45.4
35011,Brampton South,NDP-New Democratic Party ,16.4
35011,Brampton South,Liberal ,35.4
35011,Brampton South,Bloc Quebecois ,0.0
35011,Brampton South,Green Party ,2.3
35011,Brampton South,Other ,0.5
35012,Brampton West,Conservative ,42.0
35012,Brampton West,NDP-New Democratic Party ,19.6
35012,Brampton West,Liberal ,36.1
35012,Brampton West,Bloc Quebecois ,0.0
35012,Brampton West,Green Party ,1.6
35012,Brampton West,Other ,0.7
46001,Brandon--Souris,Conservative ,63.8
46001,Brandon--Souris,NDP-New Democratic Party ,24.6
46001,Brandon--Souris,Liberal ,5.7
46001,Brandon--Souris,Bloc Quebecois ,0.0
46001,Brandon--Souris,Green Party ,5.7
46001,Brandon--Souris,Other ,0.1
35013,Brantford--Brant,Conservative ,48.4
35013,Brantford--Brant,NDP-New Democratic Party ,28.9
35013,Brantford--Brant,Liberal ,18.9
35013,Brantford--Brant,Bloc Quebecois ,0.0
35013,Brantford--Brant,Green Party ,3.2
35013,Brantford--Brant,Other ,0.5
24016,Brome--Missisquoi,Conservative ,11.9
24016,Brome--Missisquoi,NDP-New Democratic Party ,42.6
24016,Brome--Missisquoi,Liberal ,22.1
24016,Brome--Missisquoi,Bloc Quebecois ,21.3
24016,Brome--Missisquoi,Green Party ,2.1
24016,Brome--Missisquoi,Other ,0.0
24017,Brossard--Saint-Lambert,Conservative ,12.8
24017,Brossard--Saint-Lambert,NDP-New Democratic Party ,36.8
24017,Brossard--Saint-Lambert,Liberal ,32.8
24017,Brossard--Saint-Lambert,Bloc Quebecois ,15.9
24017,Brossard--Saint-Lambert,Green Party ,1.5
24017,Brossard--Saint-Lambert,Other ,0.2
35014,Bruce--Grey--Owen Sound,Conservative ,56.3
35014,Bruce--Grey--Owen Sound,NDP-New Democratic Party ,17.6
35014,Bruce--Grey--Owen Sound,Liberal ,16.1
35014,Bruce--Grey--Owen Sound,Bloc Quebecois ,0.0
35014,Bruce--Grey--Owen Sound,Green Party ,10.0
35014,Bruce--Grey--Owen Sound,Other ,0.0
35015,Burlington,Conservative ,54.1
35015,Burlington,NDP-New Democratic Party ,18.9
35015,Burlington,Liberal ,23.2
35015,Burlington,Bloc Quebecois ,0.0
35015,Burlington,Green Party ,3.5
35015,Burlington,Other ,0.2
59002,Burnaby North--Seymour,Conservative ,44.2
59002,Burnaby North--Seymour,NDP-New Democratic Party ,35.2
59002,Burnaby North--Seymour,Liberal ,15.7
59002,Burnaby North--Seymour,Bloc Quebecois ,0.0
59002,Burnaby North--Seymour,Green Party ,3.9
59002,Burnaby North--Seymour,Other ,1.0
59003,Burnaby South,Conservative ,39.6
59003,Burnaby South,NDP-New Democratic Party ,44.0
59003,Burnaby South,Liberal ,11.7
59003,Burnaby South,Bloc Quebecois ,0.0
59003,Burnaby South,Green Party ,3.6
59003,Burnaby South,Other ,1.1
48004,Calgary Centre,Conservative ,55.4
48004,Calgary Centre,NDP-New Democratic Party ,15.2
48004,Calgary Centre,Liberal ,19.1
48004,Calgary Centre,Bloc Quebecois ,0.0
48004,Calgary Centre,Green Party ,10.3
48004,Calgary Centre,Other ,0.0
48005,Calgary Confederation,Conservative ,52.4
48005,Calgary Confederation,NDP-New Democratic Party ,15.8
48005,Calgary Confederation,Liberal ,17.6
48005,Calgary Confederation,Bloc Quebecois ,0.0
48005,Calgary Confederation,Green Party ,13.7
48005,Calgary Confederation,Other ,0.4
48006,Calgary Forest Lawn,Conservative ,63.3
48006,Calgary Forest Lawn,NDP-New Democratic Party ,13.2
48006,Calgary Forest Lawn,Liberal ,17.5
48006,Calgary Forest Lawn,Bloc Quebecois ,0.0
48006,Calgary Forest Lawn,Green Party ,5.3
48006,Calgary Forest Lawn,Other ,0.7
48007,Calgary Heritage,Conservative ,74.4
48007,Calgary Heritage,NDP-New Democratic Party ,12.1
48007,Calgary Heritage,Liberal ,7.5
48007,Calgary Heritage,Bloc Quebecois ,0.0
48007,Calgary Heritage,Green Party ,5.5
48007,Calgary Heritage,Other ,0.5
48008,Calgary Midnapore,Conservative ,75.9
48008,Calgary Midnapore,NDP-New Democratic Party ,10.6
48008,Calgary Midnapore,Liberal ,6.4
48008,Calgary Midnapore,Bloc Quebecois ,0.0
48008,Calgary Midnapore,Green Party ,6.4
48008,Calgary Midnapore,Other ,0.7
48009,Calgary Nose Hill,Conservative ,69.3
48009,Calgary Nose Hill,NDP-New Democratic Party ,12.8
48009,Calgary Nose Hill,Liberal ,11.0
48009,Calgary Nose Hill,Bloc Quebecois ,0.0
48009,Calgary Nose Hill,Green Party ,6.7
48009,Calgary Nose Hill,Other ,0.1
48010,Calgary Rocky Ridge,Conservative ,68.5
48010,Calgary Rocky Ridge,NDP-New Democratic Party ,11.5
48010,Calgary Rocky Ridge,Liberal ,12.6
48010,Calgary Rocky Ridge,Bloc Quebecois ,0.0
48010,Calgary Rocky Ridge,Green Party ,7.2
48010,Calgary Rocky Ridge,Other ,0.1
48011,Calgary Shepard,Conservative ,75.5
48011,Calgary Shepard,NDP-New Democratic Party ,11.1
48011,Calgary Shepard,Liberal ,7.2
48011,Calgary Shepard,Bloc Quebecois ,0.0
48011,Calgary Shepard,Green Party ,5.6
48011,Calgary Shepard,Other ,0.6
48012,Calgary Signal Hill,Conservative ,64.9
48012,Calgary Signal Hill,NDP-New Democratic Party ,10.6
48012,Calgary Signal Hill,Liberal ,15.4
48012,Calgary Signal Hill,Bloc Quebecois ,0.0
48012,Calgary Signal Hill,Green Party ,8.8
48012,Calgary Signal Hill,Other ,0.3
48013,Calgary Skyview,Conservative ,56.3
48013,Calgary Skyview,NDP-New Democratic Party ,10.0
48013,Calgary Skyview,Liberal ,28.6
48013,Calgary Skyview,Bloc Quebecois ,0.0
48013,Calgary Skyview,Green Party ,4.6
48013,Calgary Skyview,Other ,0.4
35016,Cambridge,Conservative ,52.7
35016,Cambridge,NDP-New Democratic Party ,27.9
35016,Cambridge,Liberal ,15.4
35016,Cambridge,Bloc Quebecois ,0.0
35016,Cambridge,Green Party ,3.6
35016,Cambridge,Other ,0.3
12001,Cape Breton--Canso,Conservative ,32.6
12001,Cape Breton--Canso,NDP-New Democratic Party ,20.0
12001,Cape Breton--Canso,Liberal ,44.1
12001,Cape Breton--Canso,Bloc Quebecois ,0.0
12001,Cape Breton--Canso,Green Party ,3.2
12001,Cape Breton--Canso,Other ,0.0
11001,Cardigan,Conservative ,38.4
11001,Cardigan,NDP-New Democratic Party ,10.2
11001,Cardigan,Liberal ,49.6
11001,Cardigan,Bloc Quebecois ,0.0
11001,Cardigan,Green Party ,1.8
11001,Cardigan,Other ,0.0
59004,Cariboo--Prince George,Conservative ,56.3
59004,Cariboo--Prince George,NDP-New Democratic Party ,30.1
59004,Cariboo--Prince George,Liberal ,5.1
59004,Cariboo--Prince George,Bloc Quebecois ,0.0
59004,Cariboo--Prince George,Green Party ,6.2
59004,Cariboo--Prince George,Other ,2.4
35088,Carleton,Conservative ,61.7
35088,Carleton,NDP-New Democratic Party ,13.3
35088,Carleton,Liberal ,20.9
35088,Carleton,Bloc Quebecois ,0.0
35088,Carleton,Green Party ,4.1
35088,Carleton,Other ,0.0
47004,Carlton Trail--Eagle Creek,Conservative ,68.4
47004,Carlton Trail--Eagle Creek,NDP-New Democratic Party ,24.4
47004,Carlton Trail--Eagle Creek,Liberal ,3.9
47004,Carlton Trail--Eagle Creek,Bloc Quebecois ,0.0
47004,Carlton Trail--Eagle Creek,Green Party ,2.6
47004,Carlton Trail--Eagle Creek,Other ,0.7
12002,Central Nova,Conservative ,55.3
12002,Central Nova,NDP-New Democratic Party ,26.8
12002,Central Nova,Liberal ,14.0
12002,Central Nova,Bloc Quebecois ,0.0
12002,Central Nova,Green Party ,3.8
12002,Central Nova,Other ,0.1
59005,Central Okanagan--Similkameen--Nicola,Conservative ,54.6
59005,Central Okanagan--Similkameen--Nicola,NDP-New Democratic Party ,26.0
59005,Central Okanagan--Similkameen--Nicola,Liberal ,10.1
59005,Central Okanagan--Similkameen--Nicola,Bloc Quebecois ,0.0
59005,Central Okanagan--Similkameen--Nicola,Green Party ,7.8
59005,Central Okanagan--Similkameen--Nicola,Other ,1.5
24019,Charlesbourg--Haute-Saint-Charles,Conservative ,30.3
24019,Charlesbourg--Haute-Saint-Charles,NDP-New Democratic Party ,45.0
24019,Charlesbourg--Haute-Saint-Charles,Liberal ,6.5
24019,Charlesbourg--Haute-Saint-Charles,Bloc Quebecois ,16.3
24019,Charlesbourg--Haute-Saint-Charles,Green Party ,1.6
24019,Charlesbourg--Haute-Saint-Charles,Other ,0.4
46002,Charleswood--St. James--Assiniboia--Headingley,Conservative ,57.6
46002,Charleswood--St. James--Assiniboia--Headingley,NDP-New Democratic Party ,20.1
46002,Charleswood--St. James--Assiniboia--Headingley,Liberal ,18.4
46002,Charleswood--St. James--Assiniboia--Headingley,Bloc Quebecois ,0.0
46002,Charleswood--St. James--Assiniboia--Headingley,Green Party ,3.9
46002,Charleswood--St. James--Assiniboia--Headingley,Other ,0.0
11002,Charlottetown,Conservative ,32.7
11002,Charlottetown,NDP-New Democratic Party ,25.1
11002,Charlottetown,Liberal ,39.5
11002,Charlottetown,Bloc Quebecois ,0.0
11002,Charlottetown,Green Party ,2.3
11002,Charlottetown,Other ,0.5
35017,Chatham-Kent--Leamington,Conservative ,53.2
35017,Chatham-Kent--Leamington,NDP-New Democratic Party ,27.2
35017,Chatham-Kent--Leamington,Liberal ,16.3
35017,Chatham-Kent--Leamington,Bloc Quebecois ,0.0
35017,Chatham-Kent--Leamington,Green Party ,3.3
35017,Chatham-Kent--Leamington,Other ,0.0
24022,Chicoutimi--Le Fjord,Conservative ,25.6
24022,Chicoutimi--Le Fjord,NDP-New Democratic Party ,37.7
24022,Chicoutimi--Le Fjord,Liberal ,5.8
24022,Chicoutimi--Le Fjord,Bloc Quebecois ,28.8
24022,Chicoutimi--Le Fjord,Green Party ,1.5
24022,Chicoutimi--Le Fjord,Other ,0.7
59006,Chilliwack--Hope,Conservative ,59.6
59006,Chilliwack--Hope,NDP-New Democratic Party ,23.5
59006,Chilliwack--Hope,Liberal ,11.2
59006,Chilliwack--Hope,Bloc Quebecois ,0.0
59006,Chilliwack--Hope,Green Party ,5.0
59006,Chilliwack--Hope,Other ,0.7
46003,Churchill--Keewatinook Aski,Conservative ,26.1
46003,Churchill--Keewatinook Aski,NDP-New Democratic Party ,51.7
46003,Churchill--Keewatinook Aski,Liberal ,19.9
46003,Churchill--Keewatinook Aski,Bloc Quebecois ,0.0
46003,Churchill--Keewatinook Aski,Green Party ,2.3
46003,Churchill--Keewatinook Aski,Other ,0.0
24021,Ch•À_teauguay--Lacolle,Conservative ,12.0
24021,Ch•À_teauguay--Lacolle,NDP-New Democratic Party ,48.7
24021,Ch•À_teauguay--Lacolle,Liberal ,10.2
24021,Ch•À_teauguay--Lacolle,Bloc Quebecois ,26.9
24021,Ch•À_teauguay--Lacolle,Green Party ,1.9
24021,Ch•À_teauguay--Lacolle,Other ,0.2
59007,Cloverdale--Langley City,Conservative ,57.4
59007,Cloverdale--Langley City,NDP-New Democratic Party ,24.7
59007,Cloverdale--Langley City,Liberal ,11.8
59007,Cloverdale--Langley City,Bloc Quebecois ,0.0
59007,Cloverdale--Langley City,Green Party ,4.6
59007,Cloverdale--Langley City,Other ,1.5
10003,Coast of Bays--Central--Notre Dame,Conservative ,30.3
10003,Coast of Bays--Central--Notre Dame,NDP-New Democratic Party ,13.6
10003,Coast of Bays--Central--Notre Dame,Liberal ,54.9
10003,Coast of Bays--Central--Notre Dame,Bloc Quebecois ,0.0
10003,Coast of Bays--Central--Notre Dame,Green Party ,0.9
10003,Coast of Bays--Central--Notre Dame,Other ,0.3
24023,Compton--Stanstead,Conservative ,11.9
24023,Compton--Stanstead,NDP-New Democratic Party ,47.3
24023,Compton--Stanstead,Liberal ,12.0
24023,Compton--Stanstead,Bloc Quebecois ,26.4
24023,Compton--Stanstead,Green Party ,2.4
24023,Compton--Stanstead,Other ,0.0
59008,Coquitlam--Port Coquitlam,Conservative ,55.5
59008,Coquitlam--Port Coquitlam,NDP-New Democratic Party ,31.0
59008,Coquitlam--Port Coquitlam,Liberal ,8.3
59008,Coquitlam--Port Coquitlam,Bloc Quebecois ,0.0
59008,Coquitlam--Port Coquitlam,Green Party ,4.3
59008,Coquitlam--Port Coquitlam,Other ,0.9
59009,Courtenay--Alberni,Conservative ,44.9
59009,Courtenay--Alberni,NDP-New Democratic Party ,40.7
59009,Courtenay--Alberni,Liberal ,6.7
59009,Courtenay--Alberni,Bloc Quebecois ,0.0
59009,Courtenay--Alberni,Green Party ,6.8
59009,Courtenay--Alberni,Other ,0.8
59010,Cowichan--Malahat--Langford,Conservative ,43.1
59010,Cowichan--Malahat--Langford,NDP-New Democratic Party ,43.6
59010,Cowichan--Malahat--Langford,Liberal ,5.8
59010,Cowichan--Malahat--Langford,Bloc Quebecois ,0.0
59010,Cowichan--Malahat--Langford,Green Party ,7.2
59010,Cowichan--Malahat--Langford,Other ,0.3
12003,Cumberland--Colchester,Conservative ,52.9
12003,Cumberland--Colchester,NDP-New Democratic Party ,22.5
12003,Cumberland--Colchester,Liberal ,18.4
12003,Cumberland--Colchester,Bloc Quebecois ,0.0
12003,Cumberland--Colchester,Green Party ,5.4
12003,Cumberland--Colchester,Other ,0.8
47002,Cypress Hills--Grasslands,Conservative ,70.6
47002,Cypress Hills--Grasslands,NDP-New Democratic Party ,20.8
47002,Cypress Hills--Grasslands,Liberal ,5.8
47002,Cypress Hills--Grasslands,Bloc Quebecois ,0.0
47002,Cypress Hills--Grasslands,Green Party ,2.8
47002,Cypress Hills--Grasslands,Other ,0.0
12004,Dartmouth--Cole Harbour,Conservative ,25.0
12004,Dartmouth--Cole Harbour,NDP-New Democratic Party ,36.4
12004,Dartmouth--Cole Harbour,Liberal ,34.7
12004,Dartmouth--Cole Harbour,Bloc Quebecois ,0.0
12004,Dartmouth--Cole Harbour,Green Party ,3.8
12004,Dartmouth--Cole Harbour,Other ,0.0
46004,Dauphin--Swan River--Neepawa,Conservative ,64.5
46004,Dauphin--Swan River--Neepawa,NDP-New Democratic Party ,24.8
46004,Dauphin--Swan River--Neepawa,Liberal ,6.3
46004,Dauphin--Swan River--Neepawa,Bloc Quebecois ,0.0
46004,Dauphin--Swan River--Neepawa,Green Party ,4.3
46004,Dauphin--Swan River--Neepawa,Other ,0.1
35018,Davenport,Conservative ,14.2
35018,Davenport,NDP-New Democratic Party ,53.7
35018,Davenport,Liberal ,27.9
35018,Davenport,Bloc Quebecois ,0.0
35018,Davenport,Green Party ,3.4
35018,Davenport,Other ,0.8
59011,Delta,Conservative ,48.0
59011,Delta,NDP-New Democratic Party ,28.1
59011,Delta,Liberal ,18.6
59011,Delta,Bloc Quebecois ,0.0
59011,Delta,Green Party ,4.7
59011,Delta,Other ,0.7
47003,Desnethe--Missinippi--Churchill River,Conservative ,46.9
47003,Desnethe--Missinippi--Churchill River,NDP-New Democratic Party ,45.4
47003,Desnethe--Missinippi--Churchill River,Liberal ,5.3
47003,Desnethe--Missinippi--Churchill River,Bloc Quebecois ,0.0
47003,Desnethe--Missinippi--Churchill River,Green Party ,2.5
47003,Desnethe--Missinippi--Churchill River,Other ,0.0
35019,Don Valley East,Conservative ,36.4
35019,Don Valley East,NDP-New Democratic Party ,21.9
35019,Don Valley East,Liberal ,38.4
35019,Don Valley East,Bloc Quebecois ,0.0
35019,Don Valley East,Green Party ,2.8
35019,Don Valley East,Other ,0.5
35020,Don Valley North,Conservative ,40.3
35020,Don Valley North,NDP-New Democratic Party ,20.7
35020,Don Valley North,Liberal ,37.3
35020,Don Valley North,Bloc Quebecois ,0.0
35020,Don Valley North,Green Party ,1.3
35020,Don Valley North,Other ,0.4
35021,Don Valley West,Conservative ,43.9
35021,Don Valley West,NDP-New Democratic Party ,10.7
35021,Don Valley West,Liberal ,41.5
35021,Don Valley West,Bloc Quebecois ,0.0
35021,Don Valley West,Green Party ,3.6
35021,Don Valley West,Other ,0.3
24024,Dorval--Lachine--LaSalle,Conservative ,14.2
24024,Dorval--Lachine--LaSalle,NDP-New Democratic Party ,41.1
24024,Dorval--Lachine--LaSalle,Liberal ,29.4
24024,Dorval--Lachine--LaSalle,Bloc Quebecois ,11.5
24024,Dorval--Lachine--LaSalle,Green Party ,3.0
24024,Dorval--Lachine--LaSalle,Other ,0.8
24025,Drummond,Conservative ,15.9
24025,Drummond,NDP-New Democratic Party ,51.6
24025,Drummond,Liberal ,8.4
24025,Drummond,Bloc Quebecois ,22.0
24025,Drummond,Green Party ,2.1
24025,Drummond,Other ,0.0
35022,Dufferin--Caledon,Conservative ,59.0
35022,Dufferin--Caledon,NDP-New Democratic Party ,13.2
35022,Dufferin--Caledon,Liberal ,13.1
35022,Dufferin--Caledon,Bloc Quebecois ,0.0
35022,Dufferin--Caledon,Green Party ,14.7
35022,Dufferin--Caledon,Other ,0.0
35023,Durham,Conservative ,55.2
35023,Durham,NDP-New Democratic Party ,23.7
35023,Durham,Liberal ,15.5
35023,Durham,Bloc Quebecois ,0.0
35023,Durham,Green Party ,4.6
35023,Durham,Other ,1.0
48014,Edmonton Centre,Conservative ,46.2
48014,Edmonton Centre,NDP-New Democratic Party ,25.8
48014,Edmonton Centre,Liberal ,23.7
48014,Edmonton Centre,Bloc Quebecois ,0.0
48014,Edmonton Centre,Green Party ,3.6
48014,Edmonton Centre,Other ,0.7
48015,Edmonton Griesbach,Conservative ,52.5
48015,Edmonton Griesbach,NDP-New Democratic Party ,37.5
48015,Edmonton Griesbach,Liberal ,6.6
48015,Edmonton Griesbach,Bloc Quebecois ,0.0
48015,Edmonton Griesbach,Green Party ,3.4
48015,Edmonton Griesbach,Other ,0.0
48016,Edmonton Manning,Conservative ,55.5
48016,Edmonton Manning,NDP-New Democratic Party ,26.6
48016,Edmonton Manning,Liberal ,9.1
48016,Edmonton Manning,Bloc Quebecois ,0.0
48016,Edmonton Manning,Green Party ,2.9
48016,Edmonton Manning,Other ,6.0
48017,Edmonton Mill Woods,Conservative ,58.9
48017,Edmonton Mill Woods,NDP-New Democratic Party ,25.4
48017,Edmonton Mill Woods,Liberal ,11.7
48017,Edmonton Mill Woods,Bloc Quebecois ,0.0
48017,Edmonton Mill Woods,Green Party ,3.0
48017,Edmonton Mill Woods,Other ,0.9
48018,Edmonton Riverbend,Conservative ,59.4
48018,Edmonton Riverbend,NDP-New Democratic Party ,21.2
48018,Edmonton Riverbend,Liberal ,14.5
48018,Edmonton Riverbend,Bloc Quebecois ,0.0
48018,Edmonton Riverbend,Green Party ,5.0
48018,Edmonton Riverbend,Other ,0.0
48019,Edmonton Strathcona,Conservative ,40.3
48019,Edmonton Strathcona,NDP-New Democratic Party ,53.7
48019,Edmonton Strathcona,Liberal ,2.9
48019,Edmonton Strathcona,Bloc Quebecois ,0.0
48019,Edmonton Strathcona,Green Party ,2.3
48019,Edmonton Strathcona,Other ,0.8
48020,Edmonton West,Conservative ,64.2
48020,Edmonton West,NDP-New Democratic Party ,19.5
48020,Edmonton West,Liberal ,12.5
48020,Edmonton West,Bloc Quebecois ,0.0
48020,Edmonton West,Green Party ,3.7
48020,Edmonton West,Other ,0.2
48021,Edmonton--Wetaskiwin,Conservative ,75.6
48021,Edmonton--Wetaskiwin,NDP-New Democratic Party ,14.3
48021,Edmonton--Wetaskiwin,Liberal ,5.7
48021,Edmonton--Wetaskiwin,Bloc Quebecois ,0.0
48021,Edmonton--Wetaskiwin,Green Party ,4.1
48021,Edmonton--Wetaskiwin,Other ,0.3
35024,Eglinton--Lawrence,Conservative ,46.8
35024,Eglinton--Lawrence,NDP-New Democratic Party ,11.6
35024,Eglinton--Lawrence,Liberal ,38.4
35024,Eglinton--Lawrence,Bloc Quebecois ,0.0
35024,Eglinton--Lawrence,Green Party ,3.2
35024,Eglinton--Lawrence,Other ,0.0
11003,Egmont,Conservative ,54.6
11003,Egmont,NDP-New Democratic Party ,12.4
11003,Egmont,Liberal ,31.3
11003,Egmont,Bloc Quebecois ,0.0
11003,Egmont,Green Party ,1.7
11003,Egmont,Other ,0.0
35025,Elgin--Middlesex--London,Conservative ,58.1
35025,Elgin--Middlesex--London,NDP-New Democratic Party ,24.1
35025,Elgin--Middlesex--London,Liberal ,13.4
35025,Elgin--Middlesex--London,Bloc Quebecois ,0.0
35025,Elgin--Middlesex--London,Green Party ,3.0
35025,Elgin--Middlesex--London,Other ,1.4
46005,Elmwood--Transcona,Conservative ,46.9
46005,Elmwood--Transcona,NDP-New Democratic Party ,44.8
46005,Elmwood--Transcona,Liberal ,5.2
46005,Elmwood--Transcona,Bloc Quebecois ,0.0
46005,Elmwood--Transcona,Green Party ,3.1
46005,Elmwood--Transcona,Other ,0.0
59026,Esquimalt--Saanich--Sooke,Conservative ,37.6
59026,Esquimalt--Saanich--Sooke,NDP-New Democratic Party ,39.4
59026,Esquimalt--Saanich--Sooke,Liberal ,9.7
59026,Esquimalt--Saanich--Sooke,Bloc Quebecois ,0.0
59026,Esquimalt--Saanich--Sooke,Green Party ,12.9
59026,Esquimalt--Saanich--Sooke,Other ,0.4
35026,Essex,Conservative ,48.3
35026,Essex,NDP-New Democratic Party ,34.9
35026,Essex,Liberal ,14.3
35026,Essex,Bloc Quebecois ,0.0
35026,Essex,Green Party ,2.4
35026,Essex,Other ,0.1
35027,Etobicoke Centre,Conservative ,41.9
35027,Etobicoke Centre,NDP-New Democratic Party ,14.6
35027,Etobicoke Centre,Liberal ,40.6
35027,Etobicoke Centre,Bloc Quebecois ,0.0
35027,Etobicoke Centre,Green Party ,2.7
35027,Etobicoke Centre,Other ,0.3
35028,Etobicoke--Lakeshore,Conservative ,40.2
35028,Etobicoke--Lakeshore,NDP-New Democratic Party ,20.3
35028,Etobicoke--Lakeshore,Liberal ,35.1
35028,Etobicoke--Lakeshore,Bloc Quebecois ,0.0
35028,Etobicoke--Lakeshore,Green Party ,4.0
35028,Etobicoke--Lakeshore,Other ,0.4
35029,Etobicoke North,Conservative ,32.0
35029,Etobicoke North,NDP-New Democratic Party ,23.6
35029,Etobicoke North,Liberal ,42.6
35029,Etobicoke North,Bloc Quebecois ,0.0
35029,Etobicoke North,Green Party ,0.2
35029,Etobicoke North,Other ,1.7
35030,Flamborough--Glanbrook,Conservative ,55.4
35030,Flamborough--Glanbrook,NDP-New Democratic Party ,22.8
35030,Flamborough--Glanbrook,Liberal ,16.9
35030,Flamborough--Glanbrook,Bloc Quebecois ,0.0
35030,Flamborough--Glanbrook,Green Party ,4.2
35030,Flamborough--Glanbrook,Other ,0.7
59012,Fleetwood--Port Kells,Conservative ,47.8
59012,Fleetwood--Port Kells,NDP-New Democratic Party ,33.1
59012,Fleetwood--Port Kells,Liberal ,15.7
59012,Fleetwood--Port Kells,Bloc Quebecois ,0.0
59012,Fleetwood--Port Kells,Green Party ,2.6
59012,Fleetwood--Port Kells,Other ,0.9
48022,Foothills,Conservative ,77.8
48022,Foothills,NDP-New Democratic Party ,10.1
48022,Foothills,Liberal ,3.5
48022,Foothills,Bloc Quebecois ,0.0
48022,Foothills,Green Party ,4.8
48022,Foothills,Other ,3.8
48023,Fort McMurray--Cold Lake,Conservative ,72.5
48023,Fort McMurray--Cold Lake,NDP-New Democratic Party ,13.1
48023,Fort McMurray--Cold Lake,Liberal ,10.8
48023,Fort McMurray--Cold Lake,Bloc Quebecois ,0.0
48023,Fort McMurray--Cold Lake,Green Party ,3.6
48023,Fort McMurray--Cold Lake,Other ,0.0
13003,Fredericton,Conservative ,47.0
13003,Fredericton,NDP-New Democratic Party ,24.3
13003,Fredericton,Liberal ,24.0
13003,Fredericton,Bloc Quebecois ,0.0
13003,Fredericton,Green Party ,4.1
13003,Fredericton,Other ,0.6
13004,Fundy Royal,Conservative ,57.9
13004,Fundy Royal,NDP-New Democratic Party ,26.9
13004,Fundy Royal,Liberal ,10.4
13004,Fundy Royal,Bloc Quebecois ,0.0
13004,Fundy Royal,Green Party ,4.7
13004,Fundy Royal,Other ,0.0
24026,Gaspesie--Les •À_les-de-la-Madeleine,Conservative ,19.1
24026,Gaspesie--Les •À_les-de-la-Madeleine,NDP-New Democratic Party ,28.8
24026,Gaspesie--Les •À_les-de-la-Madeleine,Liberal ,17.0
24026,Gaspesie--Les •À_les-de-la-Madeleine,Bloc Quebecois ,33.1
24026,Gaspesie--Les •À_les-de-la-Madeleine,Green Party ,2.0
24026,Gaspesie--Les •À_les-de-la-Madeleine,Other ,0.0
24027,Gatineau,Conservative ,8.0
24027,Gatineau,NDP-New Democratic Party ,62.1
24027,Gatineau,Liberal ,13.8
24027,Gatineau,Bloc Quebecois ,14.9
24027,Gatineau,Green Party ,1.1
24027,Gatineau,Other ,0.0
35031,Glengarry--Prescott--Russell,Conservative ,48.8
35031,Glengarry--Prescott--Russell,NDP-New Democratic Party ,16.7
35031,Glengarry--Prescott--Russell,Liberal ,30.6
35031,Glengarry--Prescott--Russell,Bloc Quebecois ,0.0
35031,Glengarry--Prescott--Russell,Green Party ,3.6
35031,Glengarry--Prescott--Russell,Other ,0.3
48024,Grande Prairie--Mackenzie,Conservative ,76.1
48024,Grande Prairie--Mackenzie,NDP-New Democratic Party ,15.4
48024,Grande Prairie--Mackenzie,Liberal ,3.2
48024,Grande Prairie--Mackenzie,Bloc Quebecois ,0.0
48024,Grande Prairie--Mackenzie,Green Party ,3.8
48024,Grande Prairie--Mackenzie,Other ,1.6
35032,Guelph,Conservative ,32.8
35032,Guelph,NDP-New Democratic Party ,16.7
35032,Guelph,Liberal ,43.4
35032,Guelph,Bloc Quebecois ,0.0
35032,Guelph,Green Party ,6.1
35032,Guelph,Other ,1.0
35033,Haldimand--Norfolk,Conservative ,50.9
35033,Haldimand--Norfolk,NDP-New Democratic Party ,20.0
35033,Haldimand--Norfolk,Liberal ,24.9
35033,Haldimand--Norfolk,Bloc Quebecois ,0.0
35033,Haldimand--Norfolk,Green Party ,3.3
35033,Haldimand--Norfolk,Other ,0.9
35034,Haliburton--Kawartha Lakes--Brock,Conservative ,60.0
35034,Haliburton--Kawartha Lakes--Brock,NDP-New Democratic Party ,22.1
35034,Haliburton--Kawartha Lakes--Brock,Liberal ,12.9
35034,Haliburton--Kawartha Lakes--Brock,Bloc Quebecois ,0.0
35034,Haliburton--Kawartha Lakes--Brock,Green Party ,5.0
35034,Haliburton--Kawartha Lakes--Brock,Other ,0.0
12005,Halifax,Conservative ,18.0
12005,Halifax,NDP-New Democratic Party ,51.6
12005,Halifax,Liberal ,25.6
12005,Halifax,Bloc Quebecois ,0.0
12005,Halifax,Green Party ,4.4
12005,Halifax,Other ,0.3
12006,Halifax West,Conservative ,30.2
12006,Halifax West,NDP-New Democratic Party ,28.4
12006,Halifax West,Liberal ,37.3
12006,Halifax West,Bloc Quebecois ,0.0
12006,Halifax West,Green Party ,4.1
12006,Halifax West,Other ,0.0
35035,Hamilton Centre,Conservative ,23.5
35035,Hamilton Centre,NDP-New Democratic Party ,60.3
35035,Hamilton Centre,Liberal ,13.1
35035,Hamilton Centre,Bloc Quebecois ,0.0
35035,Hamilton Centre,Green Party ,0.5
35035,Hamilton Centre,Other ,2.7
35036,Hamilton East--Stoney Creek,Conservative ,36.9
35036,Hamilton East--Stoney Creek,NDP-New Democratic Party ,44.3
35036,Hamilton East--Stoney Creek,Liberal ,13.6
35036,Hamilton East--Stoney Creek,Bloc Quebecois ,0.0
35036,Hamilton East--Stoney Creek,Green Party ,2.8
35036,Hamilton East--Stoney Creek,Other ,2.4
35037,Hamilton Mountain,Conservative ,32.3
35037,Hamilton Mountain,NDP-New Democratic Party ,48.4
35037,Hamilton Mountain,Liberal ,15.6
35037,Hamilton Mountain,Bloc Quebecois ,0.0
35037,Hamilton Mountain,Green Party ,2.8
35037,Hamilton Mountain,Other ,0.8
35038,Hamilton West--Ancaster--Dundas,Conservative ,42.4
35038,Hamilton West--Ancaster--Dundas,NDP-New Democratic Party ,28.2
35038,Hamilton West--Ancaster--Dundas,Liberal ,24.9
35038,Hamilton West--Ancaster--Dundas,Bloc Quebecois ,0.0
35038,Hamilton West--Ancaster--Dundas,Green Party ,3.7
35038,Hamilton West--Ancaster--Dundas,Other ,0.8
35039,Hastings--Lennox and Addington,Conservative ,54.9
35039,Hastings--Lennox and Addington,NDP-New Democratic Party ,24.0
35039,Hastings--Lennox and Addington,Liberal ,17.1
35039,Hastings--Lennox and Addington,Bloc Quebecois ,0.0
35039,Hastings--Lennox and Addington,Green Party ,3.4
35039,Hastings--Lennox and Addington,Other ,0.7
24028,Hochelaga,Conservative ,7.2
24028,Hochelaga,NDP-New Democratic Party ,47.5
24028,Hochelaga,Liberal ,11.7
24028,Hochelaga,Bloc Quebecois ,30.8
24028,Hochelaga,Green Party ,1.7
24028,Hochelaga,Other ,1.2
24029,Honore-Mercier,Conservative ,13.0
24029,Honore-Mercier,NDP-New Democratic Party ,35.2
24029,Honore-Mercier,Liberal ,33.5
24029,Honore-Mercier,Bloc Quebecois ,16.0
24029,Honore-Mercier,Green Party ,1.6
24029,Honore-Mercier,Other ,0.7
24030,Hull--Aylmer,Conservative ,10.0
24030,Hull--Aylmer,NDP-New Democratic Party ,58.8
24030,Hull--Aylmer,Liberal ,20.5
24030,Hull--Aylmer,Bloc Quebecois ,8.7
24030,Hull--Aylmer,Green Party ,2.0
24030,Hull--Aylmer,Other ,0.0
35121,Humber River--Black Creek,Conservative ,22.1
35121,Humber River--Black Creek,NDP-New Democratic Party ,27.8
35121,Humber River--Black Creek,Liberal ,47.0
35121,Humber River--Black Creek,Bloc Quebecois ,0.0
35121,Humber River--Black Creek,Green Party ,1.6
35121,Humber River--Black Creek,Other ,1.4
35040,Huron--Bruce,Conservative ,54.9
35040,Huron--Bruce,NDP-New Democratic Party ,25.3
35040,Huron--Bruce,Liberal ,16.5
35040,Huron--Bruce,Bloc Quebecois ,0.0
35040,Huron--Bruce,Green Party ,2.7
35040,Huron--Bruce,Other ,0.5
24031,Joliette,Conservative ,9.7
24031,Joliette,NDP-New Democratic Party ,46.9
24031,Joliette,Liberal ,6.4
24031,Joliette,Bloc Quebecois ,33.0
24031,Joliette,Green Party ,4.0
24031,Joliette,Other ,0.0
24032,Jonquiere,Conservative ,34.1
24032,Jonquiere,NDP-New Democratic Party ,42.5
24032,Jonquiere,Liberal ,2.7
24032,Jonquiere,Bloc Quebecois ,19.3
24032,Jonquiere,Green Party ,1.3
24032,Jonquiere,Other ,0.1
59013,Kamloops--Thompson--Cariboo,Conservative ,52.3
59013,Kamloops--Thompson--Cariboo,NDP-New Democratic Party ,36.9
59013,Kamloops--Thompson--Cariboo,Liberal ,5.4
59013,Kamloops--Thompson--Cariboo,Bloc Quebecois ,0.0
59013,Kamloops--Thompson--Cariboo,Green Party ,5.1
59013,Kamloops--Thompson--Cariboo,Other ,0.3
35041,Kanata--Carleton,Conservative ,53.7
35041,Kanata--Carleton,NDP-New Democratic Party ,15.3
35041,Kanata--Carleton,Liberal ,26.5
35041,Kanata--Carleton,Bloc Quebecois ,0.0
35041,Kanata--Carleton,Green Party ,4.5
35041,Kanata--Carleton,Other ,0.0
59014,Kelowna--Lake Country,Conservative ,58.4
59014,Kelowna--Lake Country,NDP-New Democratic Party ,21.4
59014,Kelowna--Lake Country,Liberal ,11.5
59014,Kelowna--Lake Country,Bloc Quebecois ,0.0
59014,Kelowna--Lake Country,Green Party ,8.8
59014,Kelowna--Lake Country,Other ,0.0
35042,Kenora,Conservative ,47.0
35042,Kenora,NDP-New Democratic Party ,27.9
35042,Kenora,Liberal ,21.9
35042,Kenora,Bloc Quebecois ,0.0
35042,Kenora,Green Party ,2.6
35042,Kenora,Other ,0.6
46006,Kildonan--St. Paul,Conservative ,58.5
46006,Kildonan--St. Paul,NDP-New Democratic Party ,30.1
46006,Kildonan--St. Paul,Liberal ,7.9
46006,Kildonan--St. Paul,Bloc Quebecois ,0.0
46006,Kildonan--St. Paul,Green Party ,2.6
46006,Kildonan--St. Paul,Other ,1.0
12007,Kings--Hants,Conservative ,36.6
12007,Kings--Hants,NDP-New Democratic Party ,20.0
12007,Kings--Hants,Liberal ,39.6
12007,Kings--Hants,Bloc Quebecois ,0.0
12007,Kings--Hants,Green Party ,3.8
12007,Kings--Hants,Other ,0.0
35044,Kingston and the Islands,Conservative ,34.1
35044,Kingston and the Islands,NDP-New Democratic Party ,21.6
35044,Kingston and the Islands,Liberal ,40.0
35044,Kingston and the Islands,Bloc Quebecois ,0.0
35044,Kingston and the Islands,Green Party ,4.3
35044,Kingston and the Islands,Other ,0.0
35043,King--Vaughan,Conservative ,57.1
35043,King--Vaughan,NDP-New Democratic Party ,12.3
35043,King--Vaughan,Liberal ,27.5
35043,King--Vaughan,Bloc Quebecois ,0.0
35043,King--Vaughan,Green Party ,2.7
35043,King--Vaughan,Other ,0.3
35045,Kitchener Centre,Conservative ,40.4
35045,Kitchener Centre,NDP-New Democratic Party ,21.9
35045,Kitchener Centre,Liberal ,32.3
35045,Kitchener Centre,Bloc Quebecois ,0.0
35045,Kitchener Centre,Green Party ,4.6
35045,Kitchener Centre,Other ,0.8
35046,Kitchener--Conestoga,Conservative ,54.4
35046,Kitchener--Conestoga,NDP-New Democratic Party ,18.3
35046,Kitchener--Conestoga,Liberal ,23.5
35046,Kitchener--Conestoga,Bloc Quebecois ,0.0
35046,Kitchener--Conestoga,Green Party ,3.6
35046,Kitchener--Conestoga,Other ,0.2
35047,Kitchener South--Hespeler,Conservative ,51.2
35047,Kitchener South--Hespeler,NDP-New Democratic Party ,25.8
35047,Kitchener South--Hespeler,Liberal ,18.9
35047,Kitchener South--Hespeler,Bloc Quebecois ,0.0
35047,Kitchener South--Hespeler,Green Party ,4.0
35047,Kitchener South--Hespeler,Other ,0.1
59015,Kootenay--Columbia,Conservative ,50.1
59015,Kootenay--Columbia,NDP-New Democratic Party ,38.8
59015,Kootenay--Columbia,Liberal ,3.5
59015,Kootenay--Columbia,Bloc Quebecois ,0.0
59015,Kootenay--Columbia,Green Party ,6.4
59015,Kootenay--Columbia,Other ,1.2
10004,Labrador,Conservative ,39.8
10004,Labrador,NDP-New Democratic Party ,19.8
10004,Labrador,Liberal ,39.1
10004,Labrador,Bloc Quebecois ,0.0
10004,Labrador,Green Party ,1.3
10004,Labrador,Other ,0.0
24035,Lac-Saint-Jean,Conservative ,42.3
24035,Lac-Saint-Jean,NDP-New Democratic Party ,32.1
24035,Lac-Saint-Jean,Liberal ,3.3
24035,Lac-Saint-Jean,Bloc Quebecois ,21.0
24035,Lac-Saint-Jean,Green Party ,1.3
24035,Lac-Saint-Jean,Other ,0.0
24036,Lac-Saint-Louis,Conservative ,28.4
24036,Lac-Saint-Louis,NDP-New Democratic Party ,30.1
24036,Lac-Saint-Louis,Liberal ,34.1
24036,Lac-Saint-Louis,Bloc Quebecois ,3.1
24036,Lac-Saint-Louis,Green Party ,4.3
24036,Lac-Saint-Louis,Other ,0.0
48025,Lakeland,Conservative ,79.0
48025,Lakeland,NDP-New Democratic Party ,11.2
48025,Lakeland,Liberal ,5.1
48025,Lakeland,Bloc Quebecois ,0.0
48025,Lakeland,Green Party ,4.2
48025,Lakeland,Other ,0.5
35048,Lambton--Kent--Middlesex,Conservative ,57.7
35048,Lambton--Kent--Middlesex,NDP-New Democratic Party ,24.0
35048,Lambton--Kent--Middlesex,Liberal ,14.2
35048,Lambton--Kent--Middlesex,Bloc Quebecois ,0.0
35048,Lambton--Kent--Middlesex,Green Party ,3.3
35048,Lambton--Kent--Middlesex,Other ,0.8
35049,Lanark--Frontenac--Kingston,Conservative ,60.1
35049,Lanark--Frontenac--Kingston,NDP-New Democratic Party ,18.1
35049,Lanark--Frontenac--Kingston,Liberal ,16.4
35049,Lanark--Frontenac--Kingston,Bloc Quebecois ,0.0
35049,Lanark--Frontenac--Kingston,Green Party ,4.9
35049,Lanark--Frontenac--Kingston,Other ,0.5
59016,Langley--Aldergrove,Conservative ,65.8
59016,Langley--Aldergrove,NDP-New Democratic Party ,19.3
59016,Langley--Aldergrove,Liberal ,9.0
59016,Langley--Aldergrove,Bloc Quebecois ,0.0
59016,Langley--Aldergrove,Green Party ,5.3
59016,Langley--Aldergrove,Other ,0.6
24033,La Pointe-de-l'•À_le,Conservative ,7.7
24033,La Pointe-de-l'•À_le,NDP-New Democratic Party ,47.5
24033,La Pointe-de-l'•À_le,Liberal ,10.1
24033,La Pointe-de-l'•À_le,Bloc Quebecois ,32.4
24033,La Pointe-de-l'•À_le,Green Party ,1.9
24033,La Pointe-de-l'•À_le,Other ,0.5
24034,La Prairie,Conservative ,9.4
24034,La Prairie,NDP-New Democratic Party ,50.0
24034,La Prairie,Liberal ,13.2
24034,La Prairie,Bloc Quebecois ,25.7
24034,La Prairie,Green Party ,1.5
24034,La Prairie,Other ,0.2
24037,LaSalle--emard--Verdun,Conservative ,9.7
24037,LaSalle--emard--Verdun,NDP-New Democratic Party ,45.2
24037,LaSalle--emard--Verdun,Liberal ,18.3
24037,LaSalle--emard--Verdun,Bloc Quebecois ,23.4
24037,LaSalle--emard--Verdun,Green Party ,2.6
24037,LaSalle--emard--Verdun,Other ,0.8
24038,Laurentides--Labelle,Conservative ,9.3
24038,Laurentides--Labelle,NDP-New Democratic Party ,43.8
24038,Laurentides--Labelle,Liberal ,12.7
24038,Laurentides--Labelle,Bloc Quebecois ,31.5
24038,Laurentides--Labelle,Green Party ,2.5
24038,Laurentides--Labelle,Other ,0.3
24039,Laurier--Sainte-Marie,Conservative ,3.9
24039,Laurier--Sainte-Marie,NDP-New Democratic Party ,46.5
24039,Laurier--Sainte-Marie,Liberal ,10.7
24039,Laurier--Sainte-Marie,Bloc Quebecois ,34.9
24039,Laurier--Sainte-Marie,Green Party ,2.6
24039,Laurier--Sainte-Marie,Other ,1.3
24040,Laval--Les •À_les,Conservative ,16.4
24040,Laval--Les •À_les,NDP-New Democratic Party ,47.2
24040,Laval--Les •À_les,Liberal ,20.6
24040,Laval--Les •À_les,Bloc Quebecois ,12.9
24040,Laval--Les •À_les,Green Party ,1.8
24040,Laval--Les •À_les,Other ,1.1
35050,Leeds-Grenville-Thousand Islands and Rideau Lakes,Conservative ,60.8
35050,Leeds-Grenville-Thousand Islands and Rideau Lakes,NDP-New Democratic Party ,18.3
35050,Leeds-Grenville-Thousand Islands and Rideau Lakes,Liberal ,15.9
35050,Leeds-Grenville-Thousand Islands and Rideau Lakes,Bloc Quebecois ,0.0
35050,Leeds-Grenville-Thousand Islands and Rideau Lakes,Green Party ,5.0
35050,Leeds-Grenville-Thousand Islands and Rideau Lakes,Other ,0.0
48026,Lethbridge,Conservative ,52.5
48026,Lethbridge,NDP-New Democratic Party ,30.0
48026,Lethbridge,Liberal ,9.1
48026,Lethbridge,Bloc Quebecois ,0.0
48026,Lethbridge,Green Party ,4.5
48026,Lethbridge,Other ,3.9
24042,Levis--Lotbiniere,Conservative ,39.9
24042,Levis--Lotbiniere,NDP-New Democratic Party ,38.5
24042,Levis--Lotbiniere,Liberal ,5.1
24042,Levis--Lotbiniere,Bloc Quebecois ,14.9
24042,Levis--Lotbiniere,Green Party ,1.7
24042,Levis--Lotbiniere,Other ,0.0
35051,London--Fanshawe,Conservative ,33.9
35051,London--Fanshawe,NDP-New Democratic Party ,49.8
35051,London--Fanshawe,Liberal ,12.0
35051,London--Fanshawe,Bloc Quebecois ,0.0
35051,London--Fanshawe,Green Party ,3.0
35051,London--Fanshawe,Other ,1.2
35052,London North Centre,Conservative ,37.1
35052,London North Centre,NDP-New Democratic Party ,24.3
35052,London North Centre,Liberal ,34.2
35052,London North Centre,Bloc Quebecois ,0.0
35052,London North Centre,Green Party ,4.0
35052,London North Centre,Other ,0.4
35053,London West,Conservative ,45.1
35053,London West,NDP-New Democratic Party ,25.4
35053,London West,Liberal ,26.7
35053,London West,Bloc Quebecois ,0.0
35053,London West,Green Party ,2.7
35053,London West,Other ,0.1
10005,Long Range Mountains,Conservative ,25.3
10005,Long Range Mountains,NDP-New Democratic Party ,17.8
10005,Long Range Mountains,Liberal ,55.2
10005,Long Range Mountains,Bloc Quebecois ,0.0
10005,Long Range Mountains,Green Party ,1.0
10005,Long Range Mountains,Other ,0.7
24041,Longueuil--Charles-LeMoyne,Conservative ,10.5
24041,Longueuil--Charles-LeMoyne,NDP-New Democratic Party ,45.4
24041,Longueuil--Charles-LeMoyne,Liberal ,13.3
24041,Longueuil--Charles-LeMoyne,Bloc Quebecois ,28.3
24041,Longueuil--Charles-LeMoyne,Green Party ,2.4
24041,Longueuil--Charles-LeMoyne,Other ,0.0
24043,Longueuil--Saint-Hubert,Conservative ,8.7
24043,Longueuil--Saint-Hubert,NDP-New Democratic Party ,50.0
24043,Longueuil--Saint-Hubert,Liberal ,10.1
24043,Longueuil--Saint-Hubert,Bloc Quebecois ,28.8
24043,Longueuil--Saint-Hubert,Green Party ,2.2
24043,Longueuil--Saint-Hubert,Other ,0.2
24044,Louis-Hebert,Conservative ,21.8
24044,Louis-Hebert,NDP-New Democratic Party ,38.7
24044,Louis-Hebert,Liberal ,13.4
24044,Louis-Hebert,Bloc Quebecois ,24.2
24044,Louis-Hebert,Green Party ,1.6
24044,Louis-Hebert,Other ,0.2
24045,Louis-Saint-Laurent,Conservative ,37.6
24045,Louis-Saint-Laurent,NDP-New Democratic Party ,39.9
24045,Louis-Saint-Laurent,Liberal ,6.4
24045,Louis-Saint-Laurent,Bloc Quebecois ,14.4
24045,Louis-Saint-Laurent,Green Party ,1.5
24045,Louis-Saint-Laurent,Other ,0.3
13005,Madawaska--Restigouche,Conservative ,40.5
13005,Madawaska--Restigouche,NDP-New Democratic Party ,19.3
13005,Madawaska--Restigouche,Liberal ,34.8
13005,Madawaska--Restigouche,Bloc Quebecois ,0.0
13005,Madawaska--Restigouche,Green Party ,1.8
13005,Madawaska--Restigouche,Other ,3.6
11004,Malpeque,Conservative ,39.1
11004,Malpeque,NDP-New Democratic Party ,14.6
11004,Malpeque,Liberal ,42.4
11004,Malpeque,Bloc Quebecois ,0.0
11004,Malpeque,Green Party ,3.9
11004,Malpeque,Other ,0.0
24046,Manicouagan,Conservative ,11.6
24046,Manicouagan,NDP-New Democratic Party ,47.7
24046,Manicouagan,Liberal ,5.5
24046,Manicouagan,Bloc Quebecois ,32.7
24046,Manicouagan,Green Party ,2.5
24046,Manicouagan,Other ,0.0
24065,Marc-Aurele-Fortin,Conservative ,10.4
24065,Marc-Aurele-Fortin,NDP-New Democratic Party ,49.0
24065,Marc-Aurele-Fortin,Liberal ,13.8
24065,Marc-Aurele-Fortin,Bloc Quebecois ,24.3
24065,Marc-Aurele-Fortin,Green Party ,2.3
24065,Marc-Aurele-Fortin,Other ,0.2
35054,Markham--Stouffville,Conservative ,50.5
35054,Markham--Stouffville,NDP-New Democratic Party ,17.0
35054,Markham--Stouffville,Liberal ,29.0
35054,Markham--Stouffville,Bloc Quebecois ,0.0
35054,Markham--Stouffville,Green Party ,2.7
35054,Markham--Stouffville,Other ,0.9
35055,Markham--Thornhill,Conservative ,36.4
35055,Markham--Thornhill,NDP-New Democratic Party ,23.4
35055,Markham--Thornhill,Liberal ,37.1
35055,Markham--Thornhill,Bloc Quebecois ,0.0
35055,Markham--Thornhill,Green Party ,2.6
35055,Markham--Thornhill,Other ,0.5
35056,Markham--Unionville,Conservative ,45.8
35056,Markham--Unionville,NDP-New Democratic Party ,16.5
35056,Markham--Unionville,Liberal ,33.7
35056,Markham--Unionville,Bloc Quebecois ,0.0
35056,Markham--Unionville,Green Party ,3.0
35056,Markham--Unionville,Other ,1.0
48027,Medicine Hat--Cardston--Warner,Conservative ,68.7
48027,Medicine Hat--Cardston--Warner,NDP-New Democratic Party ,14.9
48027,Medicine Hat--Cardston--Warner,Liberal ,11.2
48027,Medicine Hat--Cardston--Warner,Bloc Quebecois ,0.0
48027,Medicine Hat--Cardston--Warner,Green Party ,4.4
48027,Medicine Hat--Cardston--Warner,Other ,0.8
24047,Megantic--L'erable,Conservative ,49.1
24047,Megantic--L'erable,NDP-New Democratic Party ,26.3
24047,Megantic--L'erable,Liberal ,6.0
24047,Megantic--L'erable,Bloc Quebecois ,16.6
24047,Megantic--L'erable,Green Party ,1.5
24047,Megantic--L'erable,Other ,0.6
35057,Milton,Conservative ,55.0
35057,Milton,NDP-New Democratic Party ,16.5
35057,Milton,Liberal ,24.2
35057,Milton,Bloc Quebecois ,0.0
35057,Milton,Green Party ,3.9
35057,Milton,Other ,0.4
24048,Mirabel,Conservative ,9.2
24048,Mirabel,NDP-New Democratic Party ,49.5
24048,Mirabel,Liberal ,7.8
24048,Mirabel,Bloc Quebecois ,31.0
24048,Mirabel,Green Party ,2.0
24048,Mirabel,Other ,0.4
13006,Miramichi--Grand Lake,Conservative ,53.2
13006,Miramichi--Grand Lake,NDP-New Democratic Party ,22.9
13006,Miramichi--Grand Lake,Liberal ,21.4
13006,Miramichi--Grand Lake,Bloc Quebecois ,0.0
13006,Miramichi--Grand Lake,Green Party ,2.5
13006,Miramichi--Grand Lake,Other ,0.1
59017,Mission--Matsqui--Fraser Canyon,Conservative ,54.5
59017,Mission--Matsqui--Fraser Canyon,NDP-New Democratic Party ,32.0
59017,Mission--Matsqui--Fraser Canyon,Liberal ,8.4
59017,Mission--Matsqui--Fraser Canyon,Bloc Quebecois ,0.0
59017,Mission--Matsqui--Fraser Canyon,Green Party ,4.6
59017,Mission--Matsqui--Fraser Canyon,Other ,0.5
35058,Mississauga Centre,Conservative ,41.7
35058,Mississauga Centre,NDP-New Democratic Party ,19.0
35058,Mississauga Centre,Liberal ,36.7
35058,Mississauga Centre,Bloc Quebecois ,0.0
35058,Mississauga Centre,Green Party ,2.3
35058,Mississauga Centre,Other ,0.3
35059,Mississauga East--Cooksville,Conservative ,43.5
35059,Mississauga East--Cooksville,NDP-New Democratic Party ,17.7
35059,Mississauga East--Cooksville,Liberal ,36.2
35059,Mississauga East--Cooksville,Bloc Quebecois ,0.0
35059,Mississauga East--Cooksville,Green Party ,2.2
35059,Mississauga East--Cooksville,Other ,0.5
35060,Mississauga--Erin Mills,Conservative ,46.6
35060,Mississauga--Erin Mills,NDP-New Democratic Party ,16.1
35060,Mississauga--Erin Mills,Liberal ,34.4
35060,Mississauga--Erin Mills,Bloc Quebecois ,0.0
35060,Mississauga--Erin Mills,Green Party ,2.7
35060,Mississauga--Erin Mills,Other ,0.1
35061,Mississauga--Lakeshore,Conservative ,46.9
35061,Mississauga--Lakeshore,NDP-New Democratic Party ,12.8
35061,Mississauga--Lakeshore,Liberal ,36.9
35061,Mississauga--Lakeshore,Bloc Quebecois ,0.0
35061,Mississauga--Lakeshore,Green Party ,3.1
35061,Mississauga--Lakeshore,Other ,0.4
35062,Mississauga--Malton,Conservative ,37.4
35062,Mississauga--Malton,NDP-New Democratic Party ,23.4
35062,Mississauga--Malton,Liberal ,36.8
35062,Mississauga--Malton,Bloc Quebecois ,0.0
35062,Mississauga--Malton,Green Party ,2.0
35062,Mississauga--Malton,Other ,0.3
35063,Mississauga--Streetsville,Conservative ,46.1
35063,Mississauga--Streetsville,NDP-New Democratic Party ,15.2
35063,Mississauga--Streetsville,Liberal ,35.0
35063,Mississauga--Streetsville,Bloc Quebecois ,0.0
35063,Mississauga--Streetsville,Green Party ,3.7
35063,Mississauga--Streetsville,Other ,0.0
13007,Moncton--Riverview--Dieppe,Conservative ,36.8
13007,Moncton--Riverview--Dieppe,NDP-New Democratic Party ,28.5
13007,Moncton--Riverview--Dieppe,Liberal ,30.5
13007,Moncton--Riverview--Dieppe,Bloc Quebecois ,0.0
13007,Moncton--Riverview--Dieppe,Green Party ,4.3
13007,Moncton--Riverview--Dieppe,Other ,0.0
24049,Montarville,Conservative ,9.6
24049,Montarville,NDP-New Democratic Party ,44.5
24049,Montarville,Liberal ,12.5
24049,Montarville,Bloc Quebecois ,29.1
24049,Montarville,Green Party ,2.5
24049,Montarville,Other ,1.8
24050,Montcalm,Conservative ,7.9
24050,Montcalm,NDP-New Democratic Party ,51.9
24050,Montcalm,Liberal ,4.9
24050,Montcalm,Bloc Quebecois ,31.4
24050,Montcalm,Green Party ,3.8
24050,Montcalm,Other ,0.0
24051,Montmagny--L'Islet--Kamouraska--Riviere-du-Loup,Conservative ,36.3
24051,Montmagny--L'Islet--Kamouraska--Riviere-du-Loup,NDP-New Democratic Party ,36.4
24051,Montmagny--L'Islet--Kamouraska--Riviere-du-Loup,Liberal ,5.8
24051,Montmagny--L'Islet--Kamouraska--Riviere-du-Loup,Bloc Quebecois ,20.1
24051,Montmagny--L'Islet--Kamouraska--Riviere-du-Loup,Green Party ,1.5
24051,Montmagny--L'Islet--Kamouraska--Riviere-du-Loup,Other ,0.0
47005,Moose Jaw--Lake Centre--Lanigan,Conservative ,61.0
47005,Moose Jaw--Lake Centre--Lanigan,NDP-New Democratic Party ,32.5
47005,Moose Jaw--Lake Centre--Lanigan,Liberal ,3.8
47005,Moose Jaw--Lake Centre--Lanigan,Bloc Quebecois ,0.0
47005,Moose Jaw--Lake Centre--Lanigan,Green Party ,2.7
47005,Moose Jaw--Lake Centre--Lanigan,Other ,0.0
24052,Mount Royal,Conservative ,35.6
24052,Mount Royal,NDP-New Democratic Party ,17.9
24052,Mount Royal,Liberal ,41.4
24052,Mount Royal,Bloc Quebecois ,2.9
24052,Mount Royal,Green Party ,1.8
24052,Mount Royal,Other ,0.5
59018,Nanaimo--Ladysmith,Conservative ,40.4
59018,Nanaimo--Ladysmith,NDP-New Democratic Party ,45.3
59018,Nanaimo--Ladysmith,Liberal ,6.7
59018,Nanaimo--Ladysmith,Bloc Quebecois ,0.0
59018,Nanaimo--Ladysmith,Green Party ,7.2
59018,Nanaimo--Ladysmith,Other ,0.5
35064,Nepean,Conservative ,51.0
35064,Nepean,NDP-New Democratic Party ,17.8
35064,Nepean,Liberal ,27.1
35064,Nepean,Bloc Quebecois ,0.0
35064,Nepean,Green Party ,4.0
35064,Nepean,Other ,0.0
13008,New Brunswick Southwest,Conservative ,56.7
13008,New Brunswick Southwest,NDP-New Democratic Party ,23.3
13008,New Brunswick Southwest,Liberal ,13.6
13008,New Brunswick Southwest,Bloc Quebecois ,0.0
13008,New Brunswick Southwest,Green Party ,5.1
13008,New Brunswick Southwest,Other ,1.4
35065,Newmarket--Aurora,Conservative ,54.1
35065,Newmarket--Aurora,NDP-New Democratic Party ,15.8
35065,Newmarket--Aurora,Liberal ,23.7
35065,Newmarket--Aurora,Bloc Quebecois ,0.0
35065,Newmarket--Aurora,Green Party ,4.4
35065,Newmarket--Aurora,Other ,2.1
59019,New Westminster--Burnaby,Conservative ,34.8
59019,New Westminster--Burnaby,NDP-New Democratic Party ,51.8
59019,New Westminster--Burnaby,Liberal ,8.7
59019,New Westminster--Burnaby,Bloc Quebecois ,0.0
59019,New Westminster--Burnaby,Green Party ,4.3
59019,New Westminster--Burnaby,Other ,0.4
35066,Niagara Centre,Conservative ,39.1
35066,Niagara Centre,NDP-New Democratic Party ,43.2
35066,Niagara Centre,Liberal ,14.4
35066,Niagara Centre,Bloc Quebecois ,0.0
35066,Niagara Centre,Green Party ,2.5
35066,Niagara Centre,Other ,0.9
35067,Niagara Falls,Conservative ,53.3
35067,Niagara Falls,NDP-New Democratic Party ,23.5
35067,Niagara Falls,Liberal ,18.9
35067,Niagara Falls,Bloc Quebecois ,0.0
35067,Niagara Falls,Green Party ,3.9
35067,Niagara Falls,Other ,0.5
35068,Niagara West,Conservative ,59.5
35068,Niagara West,NDP-New Democratic Party ,19.2
35068,Niagara West,Liberal ,14.3
35068,Niagara West,Bloc Quebecois ,0.0
35068,Niagara West,Green Party ,4.5
35068,Niagara West,Other ,2.5
35069,Nickel Belt,Conservative ,28.0
35069,Nickel Belt,NDP-New Democratic Party ,55.0
35069,Nickel Belt,Liberal ,14.1
35069,Nickel Belt,Bloc Quebecois ,0.0
35069,Nickel Belt,Green Party ,2.8
35069,Nickel Belt,Other ,0.1
35070,Nipissing--Timiskaming,Conservative ,36.4
35070,Nipissing--Timiskaming,NDP-New Democratic Party ,21.1
35070,Nipissing--Timiskaming,Liberal ,36.5
35070,Nipissing--Timiskaming,Bloc Quebecois ,0.0
35070,Nipissing--Timiskaming,Green Party ,6.0
35070,Nipissing--Timiskaming,Other ,0.0
59037,North Island--Powell River,Conservative ,46.0
59037,North Island--Powell River,NDP-New Democratic Party ,41.7
59037,North Island--Powell River,Liberal ,6.4
59037,North Island--Powell River,Bloc Quebecois ,0.0
59037,North Island--Powell River,Green Party ,5.2
59037,North Island--Powell River,Other ,0.7
59020,North Okanagan--Shuswap,Conservative ,55.4
59020,North Okanagan--Shuswap,NDP-New Democratic Party ,26.5
59020,North Okanagan--Shuswap,Liberal ,7.5
59020,North Okanagan--Shuswap,Bloc Quebecois ,0.0
59020,North Okanagan--Shuswap,Green Party ,10.7
59020,North Okanagan--Shuswap,Other ,0.0
35071,Northumberland--Peterborough South,Conservative ,53.4
35071,Northumberland--Peterborough South,NDP-New Democratic Party ,20.6
35071,Northumberland--Peterborough South,Liberal ,21.1
35071,Northumberland--Peterborough South,Bloc Quebecois ,0.0
35071,Northumberland--Peterborough South,Green Party ,4.7
35071,Northumberland--Peterborough South,Other ,0.3
59021,North Vancouver,Conservative ,47.6
59021,North Vancouver,NDP-New Democratic Party ,16.9
59021,North Vancouver,Liberal ,29.7
59021,North Vancouver,Bloc Quebecois ,0.0
59021,North Vancouver,Green Party ,5.2
59021,North Vancouver,Other ,0.6
61001,Northwest Territories,Conservative ,32.1
61001,Northwest Territories,NDP-New Democratic Party ,45.8
61001,Northwest Territories,Liberal ,18.4
61001,Northwest Territories,Bloc Quebecois ,0.0
61001,Northwest Territories,Green Party ,3.1
61001,Northwest Territories,Other ,0.6
24053,Notre-Dame-de-Gr•À_ce--Westmount,Conservative ,17.7
24053,Notre-Dame-de-Gr•À_ce--Westmount,NDP-New Democratic Party ,35.1
24053,Notre-Dame-de-Gr•À_ce--Westmount,Liberal ,38.2
24053,Notre-Dame-de-Gr•À_ce--Westmount,Bloc Quebecois ,4.1
24053,Notre-Dame-de-Gr•À_ce--Westmount,Green Party ,4.4
24053,Notre-Dame-de-Gr•À_ce--Westmount,Other ,0.6
62001,Nunavut,Conservative ,49.9
62001,Nunavut,NDP-New Democratic Party ,19.4
62001,Nunavut,Liberal ,28.7
62001,Nunavut,Bloc Quebecois ,0.0
62001,Nunavut,Green Party ,2.0
62001,Nunavut,Other ,0.0
35072,Oakville,Conservative ,51.6
35072,Oakville,NDP-New Democratic Party ,13.9
35072,Oakville,Liberal ,30.7
35072,Oakville,Bloc Quebecois ,0.0
35072,Oakville,Green Party ,3.7
35072,Oakville,Other ,0.0
35073,Oakville North--Burlington,Conservative ,54.2
35073,Oakville North--Burlington,NDP-New Democratic Party ,15.5
35073,Oakville North--Burlington,Liberal ,27.0
35073,Oakville North--Burlington,Bloc Quebecois ,0.0
35073,Oakville North--Burlington,Green Party ,3.1
35073,Oakville North--Burlington,Other ,0.3
35076,Orleans,Conservative ,45.2
35076,Orleans,NDP-New Democratic Party ,14.0
35076,Orleans,Liberal ,38.0
35076,Orleans,Bloc Quebecois ,0.0
35076,Orleans,Green Party ,2.9
35076,Orleans,Other ,0.0
35074,Oshawa,Conservative ,51.1
35074,Oshawa,NDP-New Democratic Party ,37.1
35074,Oshawa,Liberal ,7.7
35074,Oshawa,Bloc Quebecois ,0.0
35074,Oshawa,Green Party ,3.5
35074,Oshawa,Other ,0.6
35075,Ottawa Centre,Conservative ,21.6
35075,Ottawa Centre,NDP-New Democratic Party ,52.2
35075,Ottawa Centre,Liberal ,20.1
35075,Ottawa Centre,Bloc Quebecois ,0.0
35075,Ottawa Centre,Green Party ,5.0
35075,Ottawa Centre,Other ,1.1
35077,Ottawa South,Conservative ,33.3
35077,Ottawa South,NDP-New Democratic Party ,18.2
35077,Ottawa South,Liberal ,44.0
35077,Ottawa South,Bloc Quebecois ,0.0
35077,Ottawa South,Green Party ,3.0
35077,Ottawa South,Other ,1.5
35078,Ottawa--Vanier,Conservative ,27.9
35078,Ottawa--Vanier,NDP-New Democratic Party ,28.7
35078,Ottawa--Vanier,Liberal ,38.1
35078,Ottawa--Vanier,Bloc Quebecois ,0.0
35078,Ottawa--Vanier,Green Party ,5.1
35078,Ottawa--Vanier,Other ,0.2
35079,Ottawa West--Nepean,Conservative ,44.7
35079,Ottawa West--Nepean,NDP-New Democratic Party ,19.8
35079,Ottawa West--Nepean,Liberal ,31.5
35079,Ottawa West--Nepean,Bloc Quebecois ,0.0
35079,Ottawa West--Nepean,Green Party ,4.0
35079,Ottawa West--Nepean,Other ,0.0
24054,Outremont,Conservative ,8.0
24054,Outremont,NDP-New Democratic Party ,55.7
24054,Outremont,Liberal ,21.6
24054,Outremont,Bloc Quebecois ,11.6
24054,Outremont,Green Party ,2.2
24054,Outremont,Other ,0.9
35080,Oxford,Conservative ,59.0
35080,Oxford,NDP-New Democratic Party ,25.4
35080,Oxford,Liberal ,9.6
35080,Oxford,Bloc Quebecois ,0.0
35080,Oxford,Green Party ,4.3
35080,Oxford,Other ,1.6
24055,Papineau,Conservative ,5.0
24055,Papineau,NDP-New Democratic Party ,29.5
24055,Papineau,Liberal ,37.9
24055,Papineau,Bloc Quebecois ,24.9
24055,Papineau,Green Party ,1.9
24055,Papineau,Other ,0.8
35081,Parkdale--High Park,Conservative ,15.6
35081,Parkdale--High Park,NDP-New Democratic Party ,47.2
35081,Parkdale--High Park,Liberal ,32.9
35081,Parkdale--High Park,Bloc Quebecois ,0.0
35081,Parkdale--High Park,Green Party ,3.3
35081,Parkdale--High Park,Other ,1.1
35082,Parry Sound--Muskoka,Conservative ,55.7
35082,Parry Sound--Muskoka,NDP-New Democratic Party ,24.2
35082,Parry Sound--Muskoka,Liberal ,11.5
35082,Parry Sound--Muskoka,Bloc Quebecois ,0.0
35082,Parry Sound--Muskoka,Green Party ,8.1
35082,Parry Sound--Muskoka,Other ,0.5
48028,Peace River--Westlock,Conservative ,77.8
48028,Peace River--Westlock,NDP-New Democratic Party ,13.0
48028,Peace River--Westlock,Liberal ,3.6
48028,Peace River--Westlock,Bloc Quebecois ,0.0
48028,Peace River--Westlock,Green Party ,3.9
48028,Peace River--Westlock,Other ,1.7
35083,Perth--Wellington,Conservative ,54.5
35083,Perth--Wellington,NDP-New Democratic Party ,21.3
35083,Perth--Wellington,Liberal ,18.0
35083,Perth--Wellington,Bloc Quebecois ,0.0
35083,Perth--Wellington,Green Party ,4.6
35083,Perth--Wellington,Other ,1.7
35084,Peterborough--Kawartha,Conservative ,49.6
35084,Peterborough--Kawartha,NDP-New Democratic Party ,25.0
35084,Peterborough--Kawartha,Liberal ,21.3
35084,Peterborough--Kawartha,Bloc Quebecois ,0.0
35084,Peterborough--Kawartha,Green Party ,3.7
35084,Peterborough--Kawartha,Other ,0.5
35085,Pickering--Uxbridge,Conservative ,46.0
35085,Pickering--Uxbridge,NDP-New Democratic Party ,15.7
35085,Pickering--Uxbridge,Liberal ,33.6
35085,Pickering--Uxbridge,Bloc Quebecois ,0.0
35085,Pickering--Uxbridge,Green Party ,4.5
35085,Pickering--Uxbridge,Other ,0.2
24014,Pierre-Boucher--Les Patriotes--Vercheres,Conservative ,8.4
24014,Pierre-Boucher--Les Patriotes--Vercheres,NDP-New Democratic Party ,44.8
24014,Pierre-Boucher--Les Patriotes--Vercheres,Liberal ,9.9
24014,Pierre-Boucher--Les Patriotes--Vercheres,Bloc Quebecois ,34.2
24014,Pierre-Boucher--Les Patriotes--Vercheres,Green Party ,2.1
24014,Pierre-Boucher--Les Patriotes--Vercheres,Other ,0.5
24056,Pierrefonds--Dollard,Conservative ,26.9
24056,Pierrefonds--Dollard,NDP-New Democratic Party ,34.1
24056,Pierrefonds--Dollard,Liberal ,30.5
24056,Pierrefonds--Dollard,Bloc Quebecois ,5.0
24056,Pierrefonds--Dollard,Green Party ,3.6
24056,Pierrefonds--Dollard,Other ,0.0
59022,Pitt Meadows--Maple Ridge,Conservative ,54.8
59022,Pitt Meadows--Maple Ridge,NDP-New Democratic Party ,34.9
59022,Pitt Meadows--Maple Ridge,Liberal ,5.4
59022,Pitt Meadows--Maple Ridge,Bloc Quebecois ,0.0
59022,Pitt Meadows--Maple Ridge,Green Party ,4.9
59022,Pitt Meadows--Maple Ridge,Other ,0.0
24057,Pontiac,Conservative ,26.2
24057,Pontiac,NDP-New Democratic Party ,47.3
24057,Pontiac,Liberal ,15.2
24057,Pontiac,Bloc Quebecois ,9.5
24057,Pontiac,Green Party ,1.6
24057,Pontiac,Other ,0.2
46007,Portage--Lisgar,Conservative ,75.8
46007,Portage--Lisgar,NDP-New Democratic Party ,10.2
46007,Portage--Lisgar,Liberal ,6.0
46007,Portage--Lisgar,Bloc Quebecois ,0.0
46007,Portage--Lisgar,Green Party ,5.6
46007,Portage--Lisgar,Other ,2.4
59023,Port Moody--Coquitlam,Conservative ,46.5
59023,Port Moody--Coquitlam,NDP-New Democratic Party ,40.5
59023,Port Moody--Coquitlam,Liberal ,8.5
59023,Port Moody--Coquitlam,Bloc Quebecois ,0.0
59023,Port Moody--Coquitlam,Green Party ,4.3
59023,Port Moody--Coquitlam,Other ,0.3
24058,Portneuf--Jacques-Cartier,Conservative ,0.0
24058,Portneuf--Jacques-Cartier,NDP-New Democratic Party ,42.7
24058,Portneuf--Jacques-Cartier,Liberal ,6.6
24058,Portneuf--Jacques-Cartier,Bloc Quebecois ,20.5
24058,Portneuf--Jacques-Cartier,Green Party ,2.4
24058,Portneuf--Jacques-Cartier,Other ,27.8
47006,Prince Albert,Conservative ,62.4
47006,Prince Albert,NDP-New Democratic Party ,31.5
47006,Prince Albert,Liberal ,3.4
47006,Prince Albert,Bloc Quebecois ,0.0
47006,Prince Albert,Green Party ,2.2
47006,Prince Albert,Other ,0.4
59024,Prince George--Peace River--Northern Rockies,Conservative ,61.9
59024,Prince George--Peace River--Northern Rockies,NDP-New Democratic Party ,25.9
59024,Prince George--Peace River--Northern Rockies,Liberal ,5.2
59024,Prince George--Peace River--Northern Rockies,Bloc Quebecois ,0.0
59024,Prince George--Peace River--Northern Rockies,Green Party ,6.1
59024,Prince George--Peace River--Northern Rockies,Other ,1.1
46008,Provencher,Conservative ,70.4
46008,Provencher,NDP-New Democratic Party ,18.2
46008,Provencher,Liberal ,6.7
46008,Provencher,Bloc Quebecois ,0.0
46008,Provencher,Green Party ,3.0
46008,Provencher,Other ,1.8
24059,Quebec,Conservative ,17.8
24059,Quebec,NDP-New Democratic Party ,42.6
24059,Quebec,Liberal ,9.0
24059,Quebec,Bloc Quebecois ,28.0
24059,Quebec,Green Party ,2.2
24059,Quebec,Other ,0.4
48030,Red Deer--Lacombe,Conservative ,77.4
48030,Red Deer--Lacombe,NDP-New Democratic Party ,14.3
48030,Red Deer--Lacombe,Liberal ,3.6
48030,Red Deer--Lacombe,Bloc Quebecois ,0.0
48030,Red Deer--Lacombe,Green Party ,4.7
48030,Red Deer--Lacombe,Other ,0.0
48029,Red Deer--Mountain View,Conservative ,79.4
48029,Red Deer--Mountain View,NDP-New Democratic Party ,11.9
48029,Red Deer--Mountain View,Liberal ,3.5
48029,Red Deer--Mountain View,Bloc Quebecois ,0.0
48029,Red Deer--Mountain View,Green Party ,5.0
48029,Red Deer--Mountain View,Other ,0.1
47007,Regina--Lewvan,Conservative ,43.9
47007,Regina--Lewvan,NDP-New Democratic Party ,45.2
47007,Regina--Lewvan,Liberal ,8.2
47007,Regina--Lewvan,Bloc Quebecois ,0.0
47007,Regina--Lewvan,Green Party ,2.8
47007,Regina--Lewvan,Other ,0.0
47008,Regina--Qu'Appelle,Conservative ,53.2
47008,Regina--Qu'Appelle,NDP-New Democratic Party ,38.6
47008,Regina--Qu'Appelle,Liberal ,4.8
47008,Regina--Qu'Appelle,Bloc Quebecois ,0.0
47008,Regina--Qu'Appelle,Green Party ,3.0
47008,Regina--Qu'Appelle,Other ,0.4
47009,Regina--Wascana,Conservative ,35.7
47009,Regina--Wascana,NDP-New Democratic Party ,20.1
47009,Regina--Wascana,Liberal ,41.8
47009,Regina--Wascana,Bloc Quebecois ,0.0
47009,Regina--Wascana,Green Party ,2.5
47009,Regina--Wascana,Other ,0.0
35086,Renfrew--Nipissing--Pembroke,Conservative ,53.4
35086,Renfrew--Nipissing--Pembroke,NDP-New Democratic Party ,13.4
35086,Renfrew--Nipissing--Pembroke,Liberal ,12.7
35086,Renfrew--Nipissing--Pembroke,Bloc Quebecois ,0.0
35086,Renfrew--Nipissing--Pembroke,Green Party ,1.7
35086,Renfrew--Nipissing--Pembroke,Other ,18.7
24060,Repentigny,Conservative ,7.5
24060,Repentigny,NDP-New Democratic Party ,52.1
24060,Repentigny,Liberal ,7.9
24060,Repentigny,Bloc Quebecois ,30.8
24060,Repentigny,Green Party ,1.7
24060,Repentigny,Other ,0.0
24061,Richmond--Arthabaska,Conservative ,24.7
24061,Richmond--Arthabaska,NDP-New Democratic Party ,32.5
24061,Richmond--Arthabaska,Liberal ,7.0
24061,Richmond--Arthabaska,Bloc Quebecois ,33.8
24061,Richmond--Arthabaska,Green Party ,2.1
24061,Richmond--Arthabaska,Other ,0.0
59025,Richmond Centre,Conservative ,58.1
59025,Richmond Centre,NDP-New Democratic Party ,18.2
59025,Richmond Centre,Liberal ,18.7
59025,Richmond Centre,Bloc Quebecois ,0.0
59025,Richmond Centre,Green Party ,5.0
59025,Richmond Centre,Other ,0.0
35087,Richmond Hill,Conservative ,43.5
35087,Richmond Hill,NDP-New Democratic Party ,17.0
35087,Richmond Hill,Liberal ,35.6
35087,Richmond Hill,Bloc Quebecois ,0.0
35087,Richmond Hill,Green Party ,3.8
35087,Richmond Hill,Other ,0.0
24018,Rimouski-Neigette--Temiscouata--Les Basques,Conservative ,14.6
24018,Rimouski-Neigette--Temiscouata--Les Basques,NDP-New Democratic Party ,43.0
24018,Rimouski-Neigette--Temiscouata--Les Basques,Liberal ,9.6
24018,Rimouski-Neigette--Temiscouata--Les Basques,Bloc Quebecois ,30.8
24018,Rimouski-Neigette--Temiscouata--Les Basques,Green Party ,2.0
24018,Rimouski-Neigette--Temiscouata--Les Basques,Other ,0.0
24062,Riviere-des-Mille-•À_les,Conservative ,10.3
24062,Riviere-des-Mille-•À_les,NDP-New Democratic Party ,49.1
24062,Riviere-des-Mille-•À_les,Liberal ,11.1
24062,Riviere-des-Mille-•À_les,Bloc Quebecois ,27.1
24062,Riviere-des-Mille-•À_les,Green Party ,2.4
24062,Riviere-des-Mille-•À_les,Other ,0.0
24063,Riviere-du-Nord,Conservative ,8.4
24063,Riviere-du-Nord,NDP-New Democratic Party ,55.1
24063,Riviere-du-Nord,Liberal ,6.5
24063,Riviere-du-Nord,Bloc Quebecois ,28.2
24063,Riviere-du-Nord,Green Party ,1.8
24063,Riviere-du-Nord,Other ,0.0
24064,Rosemont--La Petite-Patrie,Conservative ,4.3
24064,Rosemont--La Petite-Patrie,NDP-New Democratic Party ,51.1
24064,Rosemont--La Petite-Patrie,Liberal ,9.1
24064,Rosemont--La Petite-Patrie,Bloc Quebecois ,32.8
24064,Rosemont--La Petite-Patrie,Green Party ,1.7
24064,Rosemont--La Petite-Patrie,Other ,1.0
59027,Saanich--Gulf Islands,Conservative ,36.5
59027,Saanich--Gulf Islands,NDP-New Democratic Party ,11.0
59027,Saanich--Gulf Islands,Liberal ,6.1
59027,Saanich--Gulf Islands,Bloc Quebecois ,0.0
59027,Saanich--Gulf Islands,Green Party ,46.4
59027,Saanich--Gulf Islands,Other ,0.0
12008,Sackville--Preston--Chezzetcook,Conservative ,30.2
12008,Sackville--Preston--Chezzetcook,NDP-New Democratic Party ,54.3
12008,Sackville--Preston--Chezzetcook,Liberal ,11.3
12008,Sackville--Preston--Chezzetcook,Bloc Quebecois ,0.0
12008,Sackville--Preston--Chezzetcook,Green Party ,4.2
12008,Sackville--Preston--Chezzetcook,Other ,0.0
46009,Saint Boniface--Saint Vital,Conservative ,50.1
46009,Saint Boniface--Saint Vital,NDP-New Democratic Party ,15.8
46009,Saint Boniface--Saint Vital,Liberal ,31.2
46009,Saint Boniface--Saint Vital,Bloc Quebecois ,0.0
46009,Saint Boniface--Saint Vital,Green Party ,2.9
46009,Saint Boniface--Saint Vital,Other ,0.0
24066,Saint-Hyacinthe--Bagot,Conservative ,15.7
24066,Saint-Hyacinthe--Bagot,NDP-New Democratic Party ,52.4
24066,Saint-Hyacinthe--Bagot,Liberal ,5.4
24066,Saint-Hyacinthe--Bagot,Bloc Quebecois ,24.6
24066,Saint-Hyacinthe--Bagot,Green Party ,1.9
24066,Saint-Hyacinthe--Bagot,Other ,0.0
24067,Saint-Jean,Conservative ,10.7
24067,Saint-Jean,NDP-New Democratic Party ,47.5
24067,Saint-Jean,Liberal ,8.8
24067,Saint-Jean,Bloc Quebecois ,30.5
24067,Saint-Jean,Green Party ,2.5
24067,Saint-Jean,Other ,0.0
13009,Saint John--Rothesay,Conservative ,49.7
13009,Saint John--Rothesay,NDP-New Democratic Party ,30.7
13009,Saint John--Rothesay,Liberal ,16.0
13009,Saint John--Rothesay,Bloc Quebecois ,0.0
13009,Saint John--Rothesay,Green Party ,2.8
13009,Saint John--Rothesay,Other ,0.8
24068,Saint-Laurent,Conservative ,19.1
24068,Saint-Laurent,NDP-New Democratic Party ,29.1
24068,Saint-Laurent,Liberal ,42.9
24068,Saint-Laurent,Bloc Quebecois ,6.4
24068,Saint-Laurent,Green Party ,2.1
24068,Saint-Laurent,Other ,0.4
24069,Saint-Leonard--Saint-Michel,Conservative ,13.6
24069,Saint-Leonard--Saint-Michel,NDP-New Democratic Party ,32.3
24069,Saint-Leonard--Saint-Michel,Liberal ,42.2
24069,Saint-Leonard--Saint-Michel,Bloc Quebecois ,9.6
24069,Saint-Leonard--Saint-Michel,Green Party ,1.8
24069,Saint-Leonard--Saint-Michel,Other ,0.5
24070,Saint-Maurice--Champlain,Conservative ,17.1
24070,Saint-Maurice--Champlain,NDP-New Democratic Party ,41.3
24070,Saint-Maurice--Champlain,Liberal ,10.9
24070,Saint-Maurice--Champlain,Bloc Quebecois ,28.5
24070,Saint-Maurice--Champlain,Green Party ,2.0
24070,Saint-Maurice--Champlain,Other ,0.2
24071,Salaberry--Suro•À_t,Conservative ,12.7
24071,Salaberry--Suro•À_t,NDP-New Democratic Party ,43.6
24071,Salaberry--Suro•À_t,Liberal ,8.1
24071,Salaberry--Suro•À_t,Bloc Quebecois ,33.7
24071,Salaberry--Suro•À_t,Green Party ,1.8
24071,Salaberry--Suro•À_t,Other ,0.0
35091,Sarnia--Lambton,Conservative ,52.6
35091,Sarnia--Lambton,NDP-New Democratic Party ,29.9
35091,Sarnia--Lambton,Liberal ,14.0
35091,Sarnia--Lambton,Bloc Quebecois ,0.0
35091,Sarnia--Lambton,Green Party ,2.5
35091,Sarnia--Lambton,Other ,1.0
47010,Saskatoon--Grasswood,Conservative ,50.2
47010,Saskatoon--Grasswood,NDP-New Democratic Party ,39.8
47010,Saskatoon--Grasswood,Liberal ,7.3
47010,Saskatoon--Grasswood,Bloc Quebecois ,0.0
47010,Saskatoon--Grasswood,Green Party ,2.5
47010,Saskatoon--Grasswood,Other ,0.1
47011,Saskatoon--University,Conservative ,48.6
47011,Saskatoon--University,NDP-New Democratic Party ,38.0
47011,Saskatoon--University,Liberal ,9.6
47011,Saskatoon--University,Bloc Quebecois ,0.0
47011,Saskatoon--University,Green Party ,2.9
47011,Saskatoon--University,Other ,0.9
47012,Saskatoon West,Conservative ,42.5
47012,Saskatoon West,NDP-New Democratic Party ,51.1
47012,Saskatoon West,Liberal ,3.8
47012,Saskatoon West,Bloc Quebecois ,0.0
47012,Saskatoon West,Green Party ,2.6
47012,Saskatoon West,Other ,0.0
35092,Sault Ste. Marie,Conservative ,40.4
35092,Sault Ste. Marie,NDP-New Democratic Party ,37.4
35092,Sault Ste. Marie,Liberal ,19.7
35092,Sault Ste. Marie,Bloc Quebecois ,0.0
35092,Sault Ste. Marie,Green Party ,2.1
35092,Sault Ste. Marie,Other ,0.3
35093,Scarborough--Agincourt,Conservative ,34.1
35093,Scarborough--Agincourt,NDP-New Democratic Party ,18.0
35093,Scarborough--Agincourt,Liberal ,45.6
35093,Scarborough--Agincourt,Bloc Quebecois ,0.0
35093,Scarborough--Agincourt,Green Party ,2.3
35093,Scarborough--Agincourt,Other ,0.0
35094,Scarborough Centre,Conservative ,34.9
35094,Scarborough Centre,NDP-New Democratic Party ,30.7
35094,Scarborough Centre,Liberal ,31.9
35094,Scarborough Centre,Bloc Quebecois ,0.0
35094,Scarborough Centre,Green Party ,2.6
35094,Scarborough Centre,Other ,0.0
35095,Scarborough--Guildwood,Conservative ,34.7
35095,Scarborough--Guildwood,NDP-New Democratic Party ,26.7
35095,Scarborough--Guildwood,Liberal ,35.8
35095,Scarborough--Guildwood,Bloc Quebecois ,0.0
35095,Scarborough--Guildwood,Green Party ,2.2
35095,Scarborough--Guildwood,Other ,0.6
35096,Scarborough North,Conservative ,33.4
35096,Scarborough North,NDP-New Democratic Party ,35.4
35096,Scarborough North,Liberal ,28.9
35096,Scarborough North,Bloc Quebecois ,0.0
35096,Scarborough North,Green Party ,1.6
35096,Scarborough North,Other ,0.8
35097,Scarborough--Rouge Park,Conservative ,31.6
35097,Scarborough--Rouge Park,NDP-New Democratic Party ,31.0
35097,Scarborough--Rouge Park,Liberal ,34.8
35097,Scarborough--Rouge Park,Bloc Quebecois ,0.0
35097,Scarborough--Rouge Park,Green Party ,2.4
35097,Scarborough--Rouge Park,Other ,0.3
35098,Scarborough Southwest,Conservative ,31.7
35098,Scarborough Southwest,NDP-New Democratic Party ,34.9
35098,Scarborough Southwest,Liberal ,29.3
35098,Scarborough Southwest,Bloc Quebecois ,0.0
35098,Scarborough Southwest,Green Party ,4.1
35098,Scarborough Southwest,Other ,0.1
46010,Selkirk--Interlake--Eastman,Conservative ,66.5
46010,Selkirk--Interlake--Eastman,NDP-New Democratic Party ,25.1
46010,Selkirk--Interlake--Eastman,Liberal ,4.9
46010,Selkirk--Interlake--Eastman,Bloc Quebecois ,0.0
46010,Selkirk--Interlake--Eastman,Green Party ,3.5
46010,Selkirk--Interlake--Eastman,Other ,0.1
24072,Shefford,Conservative ,14.6
24072,Shefford,NDP-New Democratic Party ,51.1
24072,Shefford,Liberal ,9.0
24072,Shefford,Bloc Quebecois ,23.4
24072,Shefford,Green Party ,1.9
24072,Shefford,Other ,0.0
24073,Sherbrooke,Conservative ,9.2
24073,Sherbrooke,NDP-New Democratic Party ,43.5
24073,Sherbrooke,Liberal ,9.8
24073,Sherbrooke,Bloc Quebecois ,35.4
24073,Sherbrooke,Green Party ,1.7
24073,Sherbrooke,Other ,0.4
48032,Sherwood Park--Fort Saskatchewan,Conservative ,49.5
48032,Sherwood Park--Fort Saskatchewan,NDP-New Democratic Party ,11.2
48032,Sherwood Park--Fort Saskatchewan,Liberal ,6.5
48032,Sherwood Park--Fort Saskatchewan,Bloc Quebecois ,0.0
48032,Sherwood Park--Fort Saskatchewan,Green Party ,4.1
48032,Sherwood Park--Fort Saskatchewan,Other ,28.8
35099,Simcoe--Grey,Conservative ,48.4
35099,Simcoe--Grey,NDP-New Democratic Party ,17.4
35099,Simcoe--Grey,Liberal ,12.7
35099,Simcoe--Grey,Bloc Quebecois ,0.0
35099,Simcoe--Grey,Green Party ,5.5
35099,Simcoe--Grey,Other ,15.9
35100,Simcoe North,Conservative ,53.9
35100,Simcoe North,NDP-New Democratic Party ,20.4
35100,Simcoe North,Liberal ,19.2
35100,Simcoe North,Bloc Quebecois ,0.0
35100,Simcoe North,Green Party ,5.9
35100,Simcoe North,Other ,0.6
59028,Skeena--Bulkley Valley,Conservative ,34.6
59028,Skeena--Bulkley Valley,NDP-New Democratic Party ,55.2
59028,Skeena--Bulkley Valley,Liberal ,3.6
59028,Skeena--Bulkley Valley,Bloc Quebecois ,0.0
59028,Skeena--Bulkley Valley,Green Party ,3.2
59028,Skeena--Bulkley Valley,Other ,3.4
47013,Souris--Moose Mountain,Conservative ,72.9
47013,Souris--Moose Mountain,NDP-New Democratic Party ,18.5
47013,Souris--Moose Mountain,Liberal ,5.6
47013,Souris--Moose Mountain,Bloc Quebecois ,0.0
47013,Souris--Moose Mountain,Green Party ,3.1
47013,Souris--Moose Mountain,Other ,0.0
59029,South Okanagan--West Kootenay,Conservative ,44.8
59029,South Okanagan--West Kootenay,NDP-New Democratic Party ,39.4
59029,South Okanagan--West Kootenay,Liberal ,7.1
59029,South Okanagan--West Kootenay,Bloc Quebecois ,0.0
59029,South Okanagan--West Kootenay,Green Party ,8.1
59029,South Okanagan--West Kootenay,Other ,0.6
12009,South Shore--St. Margarets,Conservative ,42.0
12009,South Shore--St. Margarets,NDP-New Democratic Party ,36.1
12009,South Shore--St. Margarets,Liberal ,18.0
12009,South Shore--St. Margarets,Bloc Quebecois ,0.0
12009,South Shore--St. Margarets,Green Party ,4.0
12009,South Shore--St. Margarets,Other ,0.0
59030,South Surrey--White Rock,Conservative ,52.9
59030,South Surrey--White Rock,NDP-New Democratic Party ,19.2
59030,South Surrey--White Rock,Liberal ,19.1
59030,South Surrey--White Rock,Bloc Quebecois ,0.0
59030,South Surrey--White Rock,Green Party ,5.9
59030,South Surrey--White Rock,Other ,3.0
35101,Spadina--Fort York,Conservative ,20.9
35101,Spadina--Fort York,NDP-New Democratic Party ,49.6
35101,Spadina--Fort York,Liberal ,24.4
35101,Spadina--Fort York,Bloc Quebecois ,0.0
35101,Spadina--Fort York,Green Party ,4.2
35101,Spadina--Fort York,Other ,0.9
48031,St. Albert--Edmonton,Conservative ,64.5
48031,St. Albert--Edmonton,NDP-New Democratic Party ,20.1
48031,St. Albert--Edmonton,Liberal ,10.8
48031,St. Albert--Edmonton,Bloc Quebecois ,0.0
48031,St. Albert--Edmonton,Green Party ,4.6
48031,St. Albert--Edmonton,Other ,0.0
35089,St. Catharines,Conservative ,50.7
35089,St. Catharines,NDP-New Democratic Party ,23.9
35089,St. Catharines,Liberal ,20.7
35089,St. Catharines,Bloc Quebecois ,0.0
35089,St. Catharines,Green Party ,3.8
35089,St. Catharines,Other ,0.9
10006,St. John's East,Conservative ,20.5
10006,St. John's East,NDP-New Democratic Party ,70.7
10006,St. John's East,Liberal ,7.8
10006,St. John's East,Bloc Quebecois ,0.0
10006,St. John's East,Green Party ,1.1
10006,St. John's East,Other ,0.0
10007,St. John's South--Mount Pearl,Conservative ,24.2
10007,St. John's South--Mount Pearl,NDP-New Democratic Party ,46.3
10007,St. John's South--Mount Pearl,Liberal ,28.7
10007,St. John's South--Mount Pearl,Bloc Quebecois ,0.0
10007,St. John's South--Mount Pearl,Green Party ,0.7
10007,St. John's South--Mount Pearl,Other ,0.0
59031,Steveston--Richmond East,Conservative ,53.9
59031,Steveston--Richmond East,NDP-New Democratic Party ,22.8
59031,Steveston--Richmond East,Liberal ,18.6
59031,Steveston--Richmond East,Bloc Quebecois ,0.0
59031,Steveston--Richmond East,Green Party ,4.1
59031,Steveston--Richmond East,Other ,0.5
35102,Stormont--Dundas--South Glengarry,Conservative ,62.1
35102,Stormont--Dundas--South Glengarry,NDP-New Democratic Party ,17.5
35102,Stormont--Dundas--South Glengarry,Liberal ,17.9
35102,Stormont--Dundas--South Glengarry,Bloc Quebecois ,0.0
35102,Stormont--Dundas--South Glengarry,Green Party ,2.2
35102,Stormont--Dundas--South Glengarry,Other ,0.3
48033,Sturgeon River--Parkland,Conservative ,77.5
48033,Sturgeon River--Parkland,NDP-New Democratic Party ,13.0
48033,Sturgeon River--Parkland,Liberal ,5.5
48033,Sturgeon River--Parkland,Bloc Quebecois ,0.0
48033,Sturgeon River--Parkland,Green Party ,4.0
48033,Sturgeon River--Parkland,Other ,0.1
35103,Sudbury,Conservative ,28.3
35103,Sudbury,NDP-New Democratic Party ,49.9
35103,Sudbury,Liberal ,18.0
35103,Sudbury,Bloc Quebecois ,0.0
35103,Sudbury,Green Party ,3.0
35103,Sudbury,Other ,0.8
59032,Surrey Centre,Conservative ,35.7
59032,Surrey Centre,NDP-New Democratic Party ,40.0
59032,Surrey Centre,Liberal ,17.8
59032,Surrey Centre,Bloc Quebecois ,0.0
59032,Surrey Centre,Green Party ,3.6
59032,Surrey Centre,Other ,2.9
59033,Surrey--Newton,Conservative ,27.4
59033,Surrey--Newton,NDP-New Democratic Party ,35.3
59033,Surrey--Newton,Liberal ,34.1
59033,Surrey--Newton,Bloc Quebecois ,0.0
59033,Surrey--Newton,Green Party ,2.6
59033,Surrey--Newton,Other ,0.6
12010,Sydney--Victoria,Conservative ,37.8
12010,Sydney--Victoria,NDP-New Democratic Party ,19.0
12010,Sydney--Victoria,Liberal ,39.9
12010,Sydney--Victoria,Bloc Quebecois ,0.0
12010,Sydney--Victoria,Green Party ,3.2
12010,Sydney--Victoria,Other ,0.0
24075,Terrebonne,Conservative ,8.1
24075,Terrebonne,NDP-New Democratic Party ,51.5
24075,Terrebonne,Liberal ,6.9
24075,Terrebonne,Bloc Quebecois ,30.8
24075,Terrebonne,Green Party ,2.7
24075,Terrebonne,Other ,0.0
24013,Therese-De Blainville,Conservative ,9.8
24013,Therese-De Blainville,NDP-New Democratic Party ,50.0
24013,Therese-De Blainville,Liberal ,10.3
24013,Therese-De Blainville,Bloc Quebecois ,27.8
24013,Therese-De Blainville,Green Party ,2.1
24013,Therese-De Blainville,Other ,0.0
35104,Thornhill,Conservative ,63.2
35104,Thornhill,NDP-New Democratic Party ,11.5
35104,Thornhill,Liberal ,22.5
35104,Thornhill,Bloc Quebecois ,0.0
35104,Thornhill,Green Party ,2.5
35104,Thornhill,Other ,0.3
35105,Thunder Bay--Rainy River,Conservative ,27.2
35105,Thunder Bay--Rainy River,NDP-New Democratic Party ,48.6
35105,Thunder Bay--Rainy River,Liberal ,21.7
35105,Thunder Bay--Rainy River,Bloc Quebecois ,0.0
35105,Thunder Bay--Rainy River,Green Party ,2.4
35105,Thunder Bay--Rainy River,Other ,0.0
35106,Thunder Bay--Superior North,Conservative ,29.6
35106,Thunder Bay--Superior North,NDP-New Democratic Party ,50.2
35106,Thunder Bay--Superior North,Liberal ,16.5
35106,Thunder Bay--Superior North,Bloc Quebecois ,0.0
35106,Thunder Bay--Superior North,Green Party ,3.0
35106,Thunder Bay--Superior North,Other ,0.7
35107,Timmins--James Bay,Conservative ,31.9
35107,Timmins--James Bay,NDP-New Democratic Party ,49.9
35107,Timmins--James Bay,Liberal ,16.0
35107,Timmins--James Bay,Bloc Quebecois ,0.0
35107,Timmins--James Bay,Green Party ,2.2
35107,Timmins--James Bay,Other ,0.0
13010,Tobique--Mactaquac,Conservative ,62.1
13010,Tobique--Mactaquac,NDP-New Democratic Party ,19.1
13010,Tobique--Mactaquac,Liberal ,16.2
13010,Tobique--Mactaquac,Bloc Quebecois ,0.0
13010,Tobique--Mactaquac,Green Party ,2.5
13010,Tobique--Mactaquac,Other ,0.0
35108,Toronto Centre,Conservative ,17.3
35108,Toronto Centre,NDP-New Democratic Party ,36.5
35108,Toronto Centre,Liberal ,39.7
35108,Toronto Centre,Bloc Quebecois ,0.0
35108,Toronto Centre,Green Party ,5.2
35108,Toronto Centre,Other ,1.3
35109,Toronto--Danforth,Conservative ,14.3
35109,Toronto--Danforth,NDP-New Democratic Party ,60.8
35109,Toronto--Danforth,Liberal ,17.6
35109,Toronto--Danforth,Bloc Quebecois ,0.0
35109,Toronto--Danforth,Green Party ,6.5
35109,Toronto--Danforth,Other ,0.8
35090,Toronto--St. Paul's,Conservative ,32.4
35090,Toronto--St. Paul's,NDP-New Democratic Party ,22.6
35090,Toronto--St. Paul's,Liberal ,39.9
35090,Toronto--St. Paul's,Bloc Quebecois ,0.0
35090,Toronto--St. Paul's,Green Party ,4.5
35090,Toronto--St. Paul's,Other ,0.5
24076,Trois-Rivieres,Conservative ,13.1
24076,Trois-Rivieres,NDP-New Democratic Party ,49.7
24076,Trois-Rivieres,Liberal ,10.0
24076,Trois-Rivieres,Bloc Quebecois ,24.2
24076,Trois-Rivieres,Green Party ,1.9
24076,Trois-Rivieres,Other ,1.0
35110,University--Rosedale,Conservative ,20.1
35110,University--Rosedale,NDP-New Democratic Party ,43.8
35110,University--Rosedale,Liberal ,30.6
35110,University--Rosedale,Bloc Quebecois ,0.0
35110,University--Rosedale,Green Party ,4.7
35110,University--Rosedale,Other ,0.8
59034,Vancouver Centre,Conservative ,26.1
59034,Vancouver Centre,NDP-New Democratic Party ,26.3
59034,Vancouver Centre,Liberal ,31.0
59034,Vancouver Centre,Bloc Quebecois ,0.0
59034,Vancouver Centre,Green Party ,15.1
59034,Vancouver Centre,Other ,1.5
59035,Vancouver East,Conservative ,18.9
59035,Vancouver East,NDP-New Democratic Party ,62.8
59035,Vancouver East,Liberal ,9.9
59035,Vancouver East,Bloc Quebecois ,0.0
59035,Vancouver East,Green Party ,7.6
59035,Vancouver East,Other ,0.7
59036,Vancouver Granville,Conservative ,35.4
59036,Vancouver Granville,NDP-New Democratic Party ,24.5
59036,Vancouver Granville,Liberal ,30.1
59036,Vancouver Granville,Bloc Quebecois ,0.0
59036,Vancouver Granville,Green Party ,9.2
59036,Vancouver Granville,Other ,0.9
59038,Vancouver Kingsway,Conservative ,27.8
59038,Vancouver Kingsway,NDP-New Democratic Party ,51.3
59038,Vancouver Kingsway,Liberal ,16.2
59038,Vancouver Kingsway,Bloc Quebecois ,0.0
59038,Vancouver Kingsway,Green Party ,3.5
59038,Vancouver Kingsway,Other ,1.2
59039,Vancouver Quadra,Conservative ,36.4
59039,Vancouver Quadra,NDP-New Democratic Party ,14.4
59039,Vancouver Quadra,Liberal ,43.5
59039,Vancouver Quadra,Bloc Quebecois ,0.0
59039,Vancouver Quadra,Green Party ,5.6
59039,Vancouver Quadra,Other ,0.0
59040,Vancouver South,Conservative ,42.4
59040,Vancouver South,NDP-New Democratic Party ,21.1
59040,Vancouver South,Liberal ,33.8
59040,Vancouver South,Bloc Quebecois ,0.0
59040,Vancouver South,Green Party ,2.2
59040,Vancouver South,Other ,0.6
24074,Vaudreuil--Soulanges,Conservative ,17.6
24074,Vaudreuil--Soulanges,NDP-New Democratic Party ,43.5
24074,Vaudreuil--Soulanges,Liberal ,12.4
24074,Vaudreuil--Soulanges,Bloc Quebecois ,23.7
24074,Vaudreuil--Soulanges,Green Party ,2.8
24074,Vaudreuil--Soulanges,Other ,0.0
35111,Vaughan--Woodbridge,Conservative ,56.6
35111,Vaughan--Woodbridge,NDP-New Democratic Party ,10.7
35111,Vaughan--Woodbridge,Liberal ,30.7
35111,Vaughan--Woodbridge,Bloc Quebecois ,0.0
35111,Vaughan--Woodbridge,Green Party ,2.0
35111,Vaughan--Woodbridge,Other ,0.0
59041,Victoria,Conservative ,23.6
59041,Victoria,NDP-New Democratic Party ,50.8
59041,Victoria,Liberal ,14.0
59041,Victoria,Bloc Quebecois ,0.0
59041,Victoria,Green Party ,11.6
59041,Victoria,Other ,0.0
24077,Ville-Marie--Le Sud-Ouest--•À_le-des-Soeurs,Conservative ,11.9
24077,Ville-Marie--Le Sud-Ouest--•À_le-des-Soeurs,NDP-New Democratic Party ,41.5
24077,Ville-Marie--Le Sud-Ouest--•À_le-des-Soeurs,Liberal ,27.5
24077,Ville-Marie--Le Sud-Ouest--•À_le-des-Soeurs,Bloc Quebecois ,16.0
24077,Ville-Marie--Le Sud-Ouest--•À_le-des-Soeurs,Green Party ,2.8
24077,Ville-Marie--Le Sud-Ouest--•À_le-des-Soeurs,Other ,0.3
24078,Vimy,Conservative ,12.8
24078,Vimy,NDP-New Democratic Party ,42.7
24078,Vimy,Liberal ,20.4
24078,Vimy,Bloc Quebecois ,21.7
24078,Vimy,Green Party ,1.9
24078,Vimy,Other ,0.5
35112,Waterloo,Conservative ,41.4
35112,Waterloo,NDP-New Democratic Party ,14.9
35112,Waterloo,Liberal ,38.3
35112,Waterloo,Bloc Quebecois ,0.0
35112,Waterloo,Green Party ,4.7
35112,Waterloo,Other ,0.7
35113,Wellington--Halton Hills,Conservative ,63.7
35113,Wellington--Halton Hills,NDP-New Democratic Party ,13.0
35113,Wellington--Halton Hills,Liberal ,16.4
35113,Wellington--Halton Hills,Bloc Quebecois ,0.0
35113,Wellington--Halton Hills,Green Party ,6.4
35113,Wellington--Halton Hills,Other ,0.6
12011,West Nova,Conservative ,47.0
12011,West Nova,NDP-New Democratic Party ,13.1
12011,West Nova,Liberal ,36.4
12011,West Nova,Bloc Quebecois ,0.0
12011,West Nova,Green Party ,3.5
12011,West Nova,Other ,0.0
59042,West Vancouver--Sunshine Coast--Sea to Sky Country,Conservative ,45.8
59042,West Vancouver--Sunshine Coast--Sea to Sky Country,NDP-New Democratic Party ,21.5
59042,West Vancouver--Sunshine Coast--Sea to Sky Country,Liberal ,23.8
59042,West Vancouver--Sunshine Coast--Sea to Sky Country,Bloc Quebecois ,0.0
59042,West Vancouver--Sunshine Coast--Sea to Sky Country,Green Party ,7.6
59042,West Vancouver--Sunshine Coast--Sea to Sky Country,Other ,1.3
35114,Whitby,Conservative ,58.8
35114,Whitby,NDP-New Democratic Party ,21.4
35114,Whitby,Liberal ,14.5
35114,Whitby,Bloc Quebecois ,0.0
35114,Whitby,Green Party ,5.0
35114,Whitby,Other ,0.3
35115,Willowdale,Conservative ,41.5
35115,Willowdale,NDP-New Democratic Party ,18.9
35115,Willowdale,Liberal ,39.2
35115,Willowdale,Bloc Quebecois ,0.0
35115,Willowdale,Green Party ,0.4
35115,Willowdale,Other ,0.0
35116,Windsor--Tecumseh,Conservative ,33.6
35116,Windsor--Tecumseh,NDP-New Democratic Party ,49.9
35116,Windsor--Tecumseh,Liberal ,12.9
35116,Windsor--Tecumseh,Bloc Quebecois ,0.0
35116,Windsor--Tecumseh,Green Party ,3.0
35116,Windsor--Tecumseh,Other ,0.5
35117,Windsor West,Conservative ,31.6
35117,Windsor West,NDP-New Democratic Party ,54.3
35117,Windsor West,Liberal ,10.9
35117,Windsor West,Bloc Quebecois ,0.0
35117,Windsor West,Green Party ,2.8
35117,Windsor West,Other ,0.4
46011,Winnipeg Centre,Conservative ,27.6
46011,Winnipeg Centre,NDP-New Democratic Party ,53.7
46011,Winnipeg Centre,Liberal ,11.1
46011,Winnipeg Centre,Bloc Quebecois ,0.0
46011,Winnipeg Centre,Green Party ,7.1
46011,Winnipeg Centre,Other ,0.6
46012,Winnipeg North,Conservative ,27.4
46012,Winnipeg North,NDP-New Democratic Party ,35.4
46012,Winnipeg North,Liberal ,35.0
46012,Winnipeg North,Bloc Quebecois ,0.0
46012,Winnipeg North,Green Party ,1.8
46012,Winnipeg North,Other ,0.5
46013,Winnipeg South,Conservative ,51.7
46013,Winnipeg South,NDP-New Democratic Party ,14.1
46013,Winnipeg South,Liberal ,32.0
46013,Winnipeg South,Bloc Quebecois ,0.0
46013,Winnipeg South,Green Party ,2.1
46013,Winnipeg South,Other ,0.0
46014,Winnipeg South Centre,Conservative ,41.2
46014,Winnipeg South Centre,NDP-New Democratic Party ,18.3
46014,Winnipeg South Centre,Liberal ,36.6
46014,Winnipeg South Centre,Bloc Quebecois ,0.0
46014,Winnipeg South Centre,Green Party ,3.2
46014,Winnipeg South Centre,Other ,0.7
48034,Yellowhead,Conservative ,78.1
48034,Yellowhead,NDP-New Democratic Party ,12.9
48034,Yellowhead,Liberal ,2.9
48034,Yellowhead,Bloc Quebecois ,0.0
48034,Yellowhead,Green Party ,5.3
48034,Yellowhead,Other ,0.8
35118,York Centre,Conservative ,48.5
35118,York Centre,NDP-New Democratic Party ,15.9
35118,York Centre,Liberal ,33.2
35118,York Centre,Bloc Quebecois ,0.0
35118,York Centre,Green Party ,2.3
35118,York Centre,Other ,0.0
35119,York--Simcoe,Conservative ,63.7
35119,York--Simcoe,NDP-New Democratic Party ,18.6
35119,York--Simcoe,Liberal ,11.3
35119,York--Simcoe,Bloc Quebecois ,0.0
35119,York--Simcoe,Green Party ,5.4
35119,York--Simcoe,Other ,1.1
35120,York South--Weston,Conservative ,24.3
35120,York South--Weston,NDP-New Democratic Party ,40.1
35120,York South--Weston,Liberal ,32.8
35120,York South--Weston,Bloc Quebecois ,0.0
35120,York South--Weston,Green Party ,2.8
35120,York South--Weston,Other ,0.0
47014,Yorkton--Melville,Conservative ,68.9
47014,Yorkton--Melville,NDP-New Democratic Party ,22.0
47014,Yorkton--Melville,Liberal ,6.6
47014,Yorkton--Melville,Bloc Quebecois ,0.0
47014,Yorkton--Melville,Green Party ,2.4
47014,Yorkton--Melville,Other ,0.2
60001,Yukon,Conservative ,33.8
60001,Yukon,NDP-New Democratic Party ,14.4
60001,Yukon,Liberal ,32.9
60001,Yukon,Bloc Quebecois ,0.0
60001,Yukon,Green Party ,18.9
60001,Yukon,Other ,0.0