Electoral district number,Electoral district name,Political affiliation (2015),% Votes obtained (2015),% Votes obtained (2011)
10001,Avalon,NDP-New Democratic Party,14.4,28.5
10001,Avalon,Conservative,11.1,37.1
10001,Avalon,Green Party,0.5,0.6
10001,Avalon,Liberal,55.9,33.2
10001,Avalon,Other,18,0.6
10002,Bonavista--Burin--Trinity,NDP-New Democratic Party,7.3,13.9
10002,Bonavista--Burin--Trinity,Green Party,0.8,0.9
10002,Bonavista--Burin--Trinity,Liberal,81.8,54.5
10002,Bonavista--Burin--Trinity,Conservative,10.1,30.5
10003,Coast of Bays--Central--Notre Dame,NDP-New Democratic Party,6.1,13.6
10003,Coast of Bays--Central--Notre Dame,Conservative,18.3,30.3
10003,Coast of Bays--Central--Notre Dame,Green Party,0.8,0.9
10003,Coast of Bays--Central--Notre Dame,Liberal,74.8,54.9
10004,Labrador,Liberal,71.8,39.1
10004,Labrador,Conservative,13.9,39.8
10004,Labrador,NDP-New Democratic Party,14.4,19.8
10005,Long Range Mountains,NDP-New Democratic Party,11.3,17.8
10005,Long Range Mountains,Green Party,2.7,1.0
10005,Long Range Mountains,Liberal,73.9,55.2
10005,Long Range Mountains,Conservative,12.2,25.3
10006,St. John's East,NDP-New Democratic Party,45.3,70.7
10006,St. John's East,Green Party,1.1,1.1
10006,St. John's East,Conservative,6.5,20.5
10006,St. John's East,Liberal,46.7,7.8
10006,St. John's East,Other,0.3,0.0
10007,St. John's South--Mount Pearl,NDP-New Democratic Party,36.8,46.3
10007,St. John's South--Mount Pearl,Conservative,4.6,24.2
10007,St. John's South--Mount Pearl,Green Party,0.8,0.7
10007,St. John's South--Mount Pearl,Liberal,57.9,28.7
11001,Cardigan,NDP-New Democratic Party,11.1,10.2
11001,Cardigan,Green Party,6.4,1.8
11001,Cardigan,Liberal,65,49.6
11001,Cardigan,Conservative,16.2,38.4
11001,Cardigan,Other,1.3,0.0
11002,Charlottetown,NDP-New Democratic Party,23.1,25.1
11002,Charlottetown,Liberal,56.3,39.5
11002,Charlottetown,Conservative,14.8,32.7
11002,Charlottetown,Green Party,5.8,2.3
11003,Egmont,NDP-New Democratic Party,19.2,12.4
11003,Egmont,Green Party,2.6,1.7
11003,Egmont,Liberal,49.3,31.3
11003,Egmont,Conservative,29,54.6
11004,Malpeque,Liberal,62.1,42.4
11004,Malpeque,NDP-New Democratic Party,11.2,14.6
11004,Malpeque,Green Party,9.2,3.9
11004,Malpeque,Conservative,17.6,39.1
12001,Cape Breton--Canso,Green Party,3,3.2
12001,Cape Breton--Canso,Liberal,74.4,44.1
12001,Cape Breton--Canso,Conservative,14.4,32.6
12001,Cape Breton--Canso,NDP-New Democratic Party,8.2,20.0
12002,Central Nova,Conservative,25.8,55.3
12002,Central Nova,Liberal,58.5,14.0
12002,Central Nova,Green Party,4.1,3.8
12002,Central Nova,NDP-New Democratic Party,10.2,26.8
12002,Central Nova,Other,1.3,0.1
12003,Cumberland--Colchester,Conservative,26.5,52.9
12003,Cumberland--Colchester,Green Party,3.6,5.4
12003,Cumberland--Colchester,Liberal,63.7,18.4
12003,Cumberland--Colchester,NDP-New Democratic Party,5.7,22.5
12003,Cumberland--Colchester,Other,0.6,0.8
12004,Dartmouth--Cole Harbour,NDP-New Democratic Party,24.4,36.4
12004,Dartmouth--Cole Harbour,Conservative,14,25
12004,Dartmouth--Cole Harbour,Liberal,58.2,34.7
12004,Dartmouth--Cole Harbour,Green Party,3.4,3.8
12005,Halifax,Conservative,8.6,18
12005,Halifax,Liberal,51.7,25.6
12005,Halifax,NDP-New Democratic Party,36.1,51.6
12005,Halifax,Green Party,3.3,4.4
12005,Halifax,Other,0.2,0.3
12006,Halifax West,NDP-New Democratic Party,11.8,28.4
12006,Halifax West,Conservative,15.6,30.2
12006,Halifax West,Liberal,68.6,37.3
12006,Halifax West,Green Party,3.9,4.1
12007,Kings--Hants,Liberal,70.7,39.6
12007,Kings--Hants,Green Party,3.4,3.8
12007,Kings--Hants,NDP-New Democratic Party,6.4,20.0
12007,Kings--Hants,Conservative,18.6,36.6
12007,Kings--Hants,Other,0.9,0.0
12008,Sackville--Preston--Chezzetcook,Green Party,2.8,4.2
12008,Sackville--Preston--Chezzetcook,Liberal,48,11.3
12008,Sackville--Preston--Chezzetcook,NDP-New Democratic Party,34.4,54.3
12008,Sackville--Preston--Chezzetcook,Conservative,14.9,30.2
12009,South Shore--St. Margarets,Green Party,2.9,4.0
12009,South Shore--St. Margarets,Conservative,22.6,42
12009,South Shore--St. Margarets,NDP-New Democratic Party,16.8,36.1
12009,South Shore--St. Margarets,Liberal,56.9,18.0
12009,South Shore--St. Margarets,Other,0.8,0.0
12010,Sydney--Victoria,Conservative,10.6,37.8
12010,Sydney--Victoria,NDP-New Democratic Party,13.1,19.0
12010,Sydney--Victoria,Liberal,73.2,39.9
12010,Sydney--Victoria,Green Party,2.5,3.2
12010,Sydney--Victoria,Other,0.6,0.0
12011,West Nova,NDP-New Democratic Party,6.8,13.1
12011,West Nova,Liberal,63,36.4
12011,West Nova,Conservative,26.1,47
12011,West Nova,Green Party,4.2,3.5
13001,Acadie--Bathurst,Green Party,2.3,0.1
13001,Acadie--Bathurst,Liberal,50.7,14.3
13001,Acadie--Bathurst,Conservative,7.6,16.5
13001,Acadie--Bathurst,NDP-New Democratic Party,39.4,69.1
13002,Beausejour,Conservative,11.4,31.7
13002,Beausejour,NDP-New Democratic Party,15.1,23.4
13002,Beausejour,Green Party,4.5,4.2
13002,Beausejour,Liberal,69,40.7
13003,Fredericton,Conservative,28.4,47
13003,Fredericton,Green Party,12.4,4.1
13003,Fredericton,Liberal,49.3,24.0
13003,Fredericton,NDP-New Democratic Party,9.9,24.3
13004,Fundy Royal,Green Party,3.9,4.7
13004,Fundy Royal,Liberal,40.9,10.4
13004,Fundy Royal,NDP-New Democratic Party,17.5,26.9
13004,Fundy Royal,Conservative,37.1,57.9
13004,Fundy Royal,Other,0.6,0.0
13005,Madawaska--Restigouche,Liberal,55.7,34.8
13005,Madawaska--Restigouche,Green Party,1.9,1.8
13005,Madawaska--Restigouche,NDP-New Democratic Party,25.9,19.3
13005,Madawaska--Restigouche,Conservative,16.5,40.5
13006,Miramichi--Grand Lake,Green Party,3,2.5
13006,Miramichi--Grand Lake,NDP-New Democratic Party,15.4,22.9
13006,Miramichi--Grand Lake,Liberal,47.3,21.4
13006,Miramichi--Grand Lake,Conservative,34.3,53.2
13007,Moncton--Riverview--Dieppe,Conservative,21.5,36.8
13007,Moncton--Riverview--Dieppe,NDP-New Democratic Party,16.2,28.5
13007,Moncton--Riverview--Dieppe,Green Party,4.6,4.3
13007,Moncton--Riverview--Dieppe,Liberal,57.8,30.5
13008,New Brunswick Southwest,NDP-New Democratic Party,12.6,23.3
13008,New Brunswick Southwest,Liberal,43.9,13.6
13008,New Brunswick Southwest,Green Party,4.9,5.1
13008,New Brunswick Southwest,Conservative,38.6,56.7
13009,Saint John--Rothesay,NDP-New Democratic Party,17.5,30.7
13009,Saint John--Rothesay,Liberal,48.8,16.0
13009,Saint John--Rothesay,Green Party,3.1,2.8
13009,Saint John--Rothesay,Conservative,30.5,49.7
13010,Tobique--Mactaquac,Conservative,37,62.1
13010,Tobique--Mactaquac,Liberal,46.6,16.2
13010,Tobique--Mactaquac,NDP-New Democratic Party,11.3,19.1
13010,Tobique--Mactaquac,Green Party,5.1,2.5
24001,Abitibi--Baie-James--Nunavik--Eeyou,Green Party,2.3,3.9
24001,Abitibi--Baie-James--Nunavik--Eeyou,Liberal,32.1,10.5
24001,Abitibi--Baie-James--Nunavik--Eeyou,Bloc Quebecois,18.5,18.3
24001,Abitibi--Baie-James--Nunavik--Eeyou,Conservative,9.3,22.6
24001,Abitibi--Baie-James--Nunavik--Eeyou,NDP-New Democratic Party,37,44.8
24001,Abitibi--Baie-James--Nunavik--Eeyou,Other,0.7,0.0
24002,Abitibi--Temiscamingue,Green Party,1.7,1.4
24002,Abitibi--Temiscamingue,Conservative,6.9,9.9
24002,Abitibi--Temiscamingue,NDP-New Democratic Party,41.5,51.2
24002,Abitibi--Temiscamingue,Bloc Quebecois,19.4,31.5
24002,Abitibi--Temiscamingue,Liberal,29.6,5.9
24002,Abitibi--Temiscamingue,Other,0.9,0.0
24003,Ahuntsic-Cartierville,Bloc Quebecois,13.2,28.3
24003,Ahuntsic-Cartierville,Liberal,46.8,31.1
24003,Ahuntsic-Cartierville,Green Party,2.1,1.5
24003,Ahuntsic-Cartierville,Conservative,7.3,8.6
24003,Ahuntsic-Cartierville,NDP-New Democratic Party,30,29.9
24003,Ahuntsic-Cartierville,Other,0.5,0.6
24004,Alfred-Pellan,Green Party,2,1.5
24004,Alfred-Pellan,NDP-New Democratic Party,24,42.2
24004,Alfred-Pellan,Liberal,44.5,22.3
24004,Alfred-Pellan,Conservative,11.3,11.2
24004,Alfred-Pellan,Bloc Quebecois,17.8,22.4
24004,Alfred-Pellan,Other,0.4,0.5
24005,Argenteuil--La Petite-Nation,Bloc Quebecois,18.7,23.3
24005,Argenteuil--La Petite-Nation,NDP-New Democratic Party,24.8,45.0
24005,Argenteuil--La Petite-Nation,Conservative,11.1,14.7
24005,Argenteuil--La Petite-Nation,Green Party,2.2,2.6
24005,Argenteuil--La Petite-Nation,Liberal,43.3,13.7
24006,Avignon--La Mitis--Matane--Matapedia,NDP-New Democratic Party,20.2,26.6
24006,Avignon--La Mitis--Matane--Matapedia,Bloc Quebecois,21,34.5
24006,Avignon--La Mitis--Matane--Matapedia,Liberal,39.5,23.2
24006,Avignon--La Mitis--Matane--Matapedia,Conservative,6.1,13.2
24006,Avignon--La Mitis--Matane--Matapedia,Green Party,1,2.5
24006,Avignon--La Mitis--Matane--Matapedia,Other,12.1,0.0
24007,Beauce,Conservative,58.9,50.7
24007,Beauce,Green Party,1.7,1.6
24007,Beauce,NDP-New Democratic Party,9.7,30.0
24007,Beauce,Bloc Quebecois,7.4,6.7
24007,Beauce,Liberal,22.3,11.0
24008,Beauport--Limoilou,Bloc Quebecois,14.8,20.1
24008,Beauport--Limoilou,Liberal,25.4,6.4
24008,Beauport--Limoilou,Conservative,30.6,25.3
24008,Beauport--Limoilou,NDP-New Democratic Party,25.5,45.9
24008,Beauport--Limoilou,Green Party,2.4,1.9
24008,Beauport--Limoilou,Other,1.3,0.5
24009,Becancour--Nicolet--Saurel,Green Party,2.3,3.0
24009,Becancour--Nicolet--Saurel,Liberal,24.3,10.1
24009,Becancour--Nicolet--Saurel,Conservative,11.4,13
24009,Becancour--Nicolet--Saurel,Bloc Quebecois,40,38.3
24009,Becancour--Nicolet--Saurel,NDP-New Democratic Party,22.1,35.6
24010,Bellechasse--Les Etchemins--Levis,Conservative,50.9,43.9
24010,Bellechasse--Les Etchemins--Levis,Green Party,3.2,1.5
24010,Bellechasse--Les Etchemins--Levis,NDP-New Democratic Party,13.6,33.8
24010,Bellechasse--Les Etchemins--Levis,Bloc Quebecois,11.5,14.9
24010,Bellechasse--Les Etchemins--Levis,Liberal,20.7,5.8
24011,Beloeil--Chambly,Conservative,9.3,7.9
24011,Beloeil--Chambly,Liberal,29.3,9.0
24011,Beloeil--Chambly,NDP-New Democratic Party,31.1,42.6
24011,Beloeil--Chambly,Bloc Quebecois,27.7,27.4
24011,Beloeil--Chambly,Green Party,2.3,1.6
24011,Beloeil--Chambly,Other,0.4,11.5
24012,Berthier--Maskinonge,NDP-New Democratic Party,42.2,41.2
24012,Berthier--Maskinonge,Green Party,1.6,2.3
24012,Berthier--Maskinonge,Liberal,20.3,12.1
24012,Berthier--Maskinonge,Conservative,10.2,12.7
24012,Berthier--Maskinonge,Bloc Quebecois,25.8,31.0
24013,Therese-De Blainville,Liberal,32.5,10.3
24013,Therese-De Blainville,Green Party,2.4,2.1
24013,Therese-De Blainville,NDP-New Democratic Party,24.9,50.0
24013,Therese-De Blainville,Bloc Quebecois,27.1,27.8
24013,Therese-De Blainville,Conservative,12.4,9.8
24013,Therese-De Blainville,Other,0.6,0.0
24014,Pierre-Boucher--Les Patriotes--Vercheres,Bloc Quebecois,28.6,34.2
24014,Pierre-Boucher--Les Patriotes--Vercheres,NDP-New Democratic Party,24.3,44.8
24014,Pierre-Boucher--Les Patriotes--Vercheres,Liberal,28.3,9.9
24014,Pierre-Boucher--Les Patriotes--Vercheres,Green Party,8.5,2.1
24014,Pierre-Boucher--Les Patriotes--Vercheres,Conservative,10.2,8.4
24015,Bourassa,Green Party,2.2,1.6
24015,Bourassa,Liberal,54.1,38.5
24015,Bourassa,NDP-New Democratic Party,14.9,32.4
24015,Bourassa,Bloc Quebecois,17.1,19.0
24015,Bourassa,Conservative,9.3,8.2
24015,Bourassa,Other,2.4,0.4
24016,Brome--Missisquoi,NDP-New Democratic Party,24.5,42.6
24016,Brome--Missisquoi,Bloc Quebecois,17.5,21.3
24016,Brome--Missisquoi,Green Party,2.3,2.1
24016,Brome--Missisquoi,Liberal,43.9,22.1
24016,Brome--Missisquoi,Conservative,11.5,11.9
24016,Brome--Missisquoi,Other,0.3,0.0
24017,Brossard--Saint-Lambert,Conservative,12.6,12.8
24017,Brossard--Saint-Lambert,Green Party,1.9,1.5
24017,Brossard--Saint-Lambert,Bloc Quebecois,10.6,15.9
24017,Brossard--Saint-Lambert,NDP-New Democratic Party,24.6,36.8
24017,Brossard--Saint-Lambert,Liberal,50.3,32.8
24018,Rimouski-Neigette--Temiscouata--Les Basques,Green Party,1.5,2.0
24018,Rimouski-Neigette--Temiscouata--Les Basques,Liberal,28,9.6
24018,Rimouski-Neigette--Temiscouata--Les Basques,Bloc Quebecois,19.3,30.8
24018,Rimouski-Neigette--Temiscouata--Les Basques,NDP-New Democratic Party,43.1,43.0
24018,Rimouski-Neigette--Temiscouata--Les Basques,Conservative,7.5,14.6
24018,Rimouski-Neigette--Temiscouata--Les Basques,Other,0.6,0.0
24019,Charlesbourg--Haute-Saint-Charles,Green Party,2.2,1.6
24019,Charlesbourg--Haute-Saint-Charles,Liberal,23.2,6.5
24019,Charlesbourg--Haute-Saint-Charles,NDP-New Democratic Party,20.1,45.0
24019,Charlesbourg--Haute-Saint-Charles,Conservative,42.2,30.3
24019,Charlesbourg--Haute-Saint-Charles,Bloc Quebecois,12.3,16.3
24020,Beauport-Cote-de-Beaupre-ile d'Orleans-Charlevoix,Conservative,33.5,23
24020,Beauport-Cote-de-Beaupre-ile d'Orleans-Charlevoix,Bloc Quebecois,19.1,31.7
24020,Beauport-Cote-de-Beaupre-ile d'Orleans-Charlevoix,Green Party,1.7,1.7
24020,Beauport-Cote-de-Beaupre-ile d'Orleans-Charlevoix,NDP-New Democratic Party,18.4,38.2
24020,Beauport-Cote-de-Beaupre-ile d'Orleans-Charlevoix,Liberal,26.9,5.3
24020,Beauport-Cote-de-Beaupre-ile d'Orleans-Charlevoix,Other,0.4,0.1
24021,Chateauguay--Lacolle,NDP-New Democratic Party,23.1,48.7
24021,Chateauguay--Lacolle,Green Party,1.9,1.9
24021,Chateauguay--Lacolle,Liberal,39.1,10.2
24021,Chateauguay--Lacolle,Conservative,11.2,12
24021,Chateauguay--Lacolle,Bloc Quebecois,24.4,26.9
24021,Chateauguay--Lacolle,Other,0.3,0.2
24022,Chicoutimi--Le Fjord,Bloc Quebecois,20.5,28.8
24022,Chicoutimi--Le Fjord,Liberal,31.1,5.8
24022,Chicoutimi--Le Fjord,NDP-New Democratic Party,29.7,37.7
24022,Chicoutimi--Le Fjord,Green Party,2.1,1.5
24022,Chicoutimi--Le Fjord,Conservative,16.6,25.6
24023,Compton--Stanstead,Liberal,36.9,12.0
24023,Compton--Stanstead,Bloc Quebecois,20.7,26.4
24023,Compton--Stanstead,Conservative,12.5,11.9
24023,Compton--Stanstead,Green Party,1.9,2.4
24023,Compton--Stanstead,NDP-New Democratic Party,27.4,47.3
24023,Compton--Stanstead,Other,0.6,0.0
24024,Dorval--Lachine--LaSalle,Conservative,11.1,14.2
24024,Dorval--Lachine--LaSalle,Liberal,54.9,29.4
24024,Dorval--Lachine--LaSalle,Green Party,2.3,3.0
24024,Dorval--Lachine--LaSalle,NDP-New Democratic Party,21.6,41.1
24024,Dorval--Lachine--LaSalle,Bloc Quebecois,9.8,11.5
24024,Dorval--Lachine--LaSalle,Other,0.4,0.8
24025,Drummond,Bloc Quebecois,22.8,22.0
24025,Drummond,NDP-New Democratic Party,30.5,51.6
24025,Drummond,Green Party,2.4,2.1
24025,Drummond,Liberal,26.5,8.4
24025,Drummond,Conservative,17.7,15.9
24026,Gaspesie--Les iles-de-la-Madeleine,Liberal,38.7,17.0
24026,Gaspesie--Les iles-de-la-Madeleine,Green Party,1,2.0
24026,Gaspesie--Les iles-de-la-Madeleine,Conservative,6.1,19.1
24026,Gaspesie--Les iles-de-la-Madeleine,Bloc Quebecois,20.9,33.1
24026,Gaspesie--Les iles-de-la-Madeleine,NDP-New Democratic Party,32.5,28.8
24026,Gaspesie--Les iles-de-la-Madeleine,Other,0.8,0.0
24027,Gatineau,Conservative,8.2,8
24027,Gatineau,Bloc Quebecois,9.4,14.9
24027,Gatineau,NDP-New Democratic Party,26.6,62.1
24027,Gatineau,Green Party,1.6,1.1
24027,Gatineau,Liberal,53.8,13.8
24027,Gatineau,Other,0.5,0.0
24028,Hochelaga,NDP-New Democratic Party,30.9,47.5
24028,Hochelaga,Conservative,6.9,7.2
24028,Hochelaga,Bloc Quebecois,27.7,30.8
24028,Hochelaga,Liberal,29.9,11.7
24028,Hochelaga,Green Party,3.2,1.7
24028,Hochelaga,Other,1.4,1.2
24029,Honore-Mercier,NDP-New Democratic Party,16.4,35.2
24029,Honore-Mercier,Bloc Quebecois,12.9,16.0
24029,Honore-Mercier,Green Party,1.6,1.6
24029,Honore-Mercier,Conservative,12.1,13
24029,Honore-Mercier,Liberal,56.5,33.5
24029,Honore-Mercier,Other,0.5,0.7
24030,Hull--Aylmer,Conservative,7.7,10
24030,Hull--Aylmer,Bloc Quebecois,6.5,8.7
24030,Hull--Aylmer,Liberal,51.4,20.5
24030,Hull--Aylmer,Green Party,1.9,2.0
24030,Hull--Aylmer,NDP-New Democratic Party,31.5,58.8
24030,Hull--Aylmer,Other,1,0.0
24031,Joliette,Liberal,28.2,6.4
24031,Joliette,Conservative,10.1,9.7
24031,Joliette,NDP-New Democratic Party,25.7,46.9
24031,Joliette,Green Party,2.4,4.0
24031,Joliette,Bloc Quebecois,33.3,33.0
24031,Joliette,Other,0.4,0.0
24032,Jonquiere,Green Party,1.4,1.3
24032,Jonquiere,Bloc Quebecois,23.3,19.3
24032,Jonquiere,Conservative,16.9,34.1
24032,Jonquiere,Liberal,28.5,2.7
24032,Jonquiere,NDP-New Democratic Party,29.2,42.5
24032,Jonquiere,Other,0.8,0.1
24033,La Pointe-de-l'ile,Bloc Quebecois,33.6,32.4
24033,La Pointe-de-l'ile,Green Party,2,1.9
24033,La Pointe-de-l'ile,Conservative,8,7.7
24033,La Pointe-de-l'ile,NDP-New Democratic Party,26.8,47.5
24033,La Pointe-de-l'ile,Liberal,28.6,10.1
24033,La Pointe-de-l'ile,Other,1,0.5
24034,La Prairie,NDP-New Democratic Party,22.9,50.0
24034,La Prairie,Conservative,11.9,9.4
24034,La Prairie,Bloc Quebecois,26.2,25.7
24034,La Prairie,Liberal,36.5,13.2
24034,La Prairie,Green Party,2.1,1.5
24034,La Prairie,Other,0.4,0.2
24035,Lac-Saint-Jean,NDP-New Democratic Party,28.5,32.1
24035,Lac-Saint-Jean,Bloc Quebecois,18.4,21.0
24035,Lac-Saint-Jean,Conservative,33.3,42.3
24035,Lac-Saint-Jean,Green Party,1.5,1.3
24035,Lac-Saint-Jean,Liberal,18.4,3.3
24036,Lac-Saint-Louis,Bloc Quebecois,2.7,3.1
24036,Lac-Saint-Louis,Green Party,2.9,4.3
24036,Lac-Saint-Louis,Conservative,17.4,28.4
24036,Lac-Saint-Louis,Liberal,64.1,34.1
24036,Lac-Saint-Louis,NDP-New Democratic Party,12.8,30.1
24037,LaSalle--emard--Verdun,Green Party,3.2,2.6
24037,LaSalle--emard--Verdun,Liberal,43.9,18.3
24037,LaSalle--emard--Verdun,NDP-New Democratic Party,29,45.2
24037,LaSalle--emard--Verdun,Bloc Quebecois,17,23.4
24037,LaSalle--emard--Verdun,Conservative,6.9,9.7
24038,Laurentides--Labelle,Conservative,9.8,9.3
24038,Laurentides--Labelle,Liberal,32.1,12.7
24038,Laurentides--Labelle,Green Party,2,2.5
24038,Laurentides--Labelle,NDP-New Democratic Party,26.3,43.8
24038,Laurentides--Labelle,Bloc Quebecois,29.7,31.5
24039,Laurier--Sainte-Marie,Bloc Quebecois,28.7,34.9
24039,Laurier--Sainte-Marie,Conservative,4.1,3.9
24039,Laurier--Sainte-Marie,Green Party,3.5,2.6
24039,Laurier--Sainte-Marie,NDP-New Democratic Party,38.3,46.5
24039,Laurier--Sainte-Marie,Liberal,23.7,10.7
24039,Laurier--Sainte-Marie,Other,1.8,1.3
24040,Laval--Les iles,Conservative,18.1,16.4
24040,Laval--Les iles,Liberal,47.7,20.6
24040,Laval--Les iles,NDP-New Democratic Party,19.8,47.2
24040,Laval--Les iles,Green Party,1.7,1.8
24040,Laval--Les iles,Bloc Quebecois,12.4,12.9
24040,Laval--Les iles,Other,0.3,1.1
24041,Longueuil--Charles-LeMoyne,Conservative,9.6,10.5
24041,Longueuil--Charles-LeMoyne,Bloc Quebecois,27,28.3
24041,Longueuil--Charles-LeMoyne,NDP-New Democratic Party,24.1,45.4
24041,Longueuil--Charles-LeMoyne,Green Party,2.9,2.4
24041,Longueuil--Charles-LeMoyne,Liberal,35.4,13.3
24041,Longueuil--Charles-LeMoyne,Other,0.89,0.0
24042,Levis--Lotbiniere,Green Party,1.8,1.7
24042,Levis--Lotbiniere,NDP-New Democratic Party,14.8,38.5
24042,Levis--Lotbiniere,Liberal,21.7,5.1
24042,Levis--Lotbiniere,Bloc Quebecois,11.4,14.9
24042,Levis--Lotbiniere,Conservative,50.1,39.9
24042,Levis--Lotbiniere,Other,0.2,0.0
24043,Longueuil--Saint-Hubert,NDP-New Democratic Party,31.2,50.0
24043,Longueuil--Saint-Hubert,Liberal,30,10.1
24043,Longueuil--Saint-Hubert,Green Party,2.5,2.2
24043,Longueuil--Saint-Hubert,Conservative,8.7,8.7
24043,Longueuil--Saint-Hubert,Bloc Quebecois,27.3,28.8
24043,Longueuil--Saint-Hubert,Other,0.3,0.2
24044,Louis-Hebert,Conservative,27.2,21.8
24044,Louis-Hebert,Green Party,2.5,1.6
24044,Louis-Hebert,NDP-New Democratic Party,20.8,38.7
24044,Louis-Hebert,Liberal,34.8,13.4
24044,Louis-Hebert,Bloc Quebecois,14.4,24.2
24044,Louis-Hebert,Other,0.2,0.2
24045,Louis-Saint-Laurent,NDP-New Democratic Party,15.9,39.9
24045,Louis-Saint-Laurent,Conservative,50.5,37.6
24045,Louis-Saint-Laurent,Liberal,21.4,6.4
24045,Louis-Saint-Laurent,Green Party,1.9,1.5
24045,Louis-Saint-Laurent,Bloc Quebecois,10.3,14.4
24046,Manicouagan,Conservative,10.3,11.6
24046,Manicouagan,NDP-New Democratic Party,17.5,47.7
24046,Manicouagan,Bloc Quebecois,41.3,32.7
24046,Manicouagan,Green Party,1.6,2.5
24046,Manicouagan,Liberal,29.4,5.5
24047,Megantic--L'erable,Liberal,28.1,6.0
24047,Megantic--L'erable,Conservative,35.4,49.1
24047,Megantic--L'erable,NDP-New Democratic Party,22,26.3
24047,Megantic--L'erable,Green Party,2.1,1.5
24047,Megantic--L'erable,Bloc Quebecois,12.3,16.6
24048,Mirabel,Conservative,10.1,9.2
24048,Mirabel,NDP-New Democratic Party,30.1,49.5
24048,Mirabel,Green Party,2.2,2.0
24048,Mirabel,Bloc Quebecois,31.5,31.0
24048,Mirabel,Liberal,26.1,7.8
24049,Montarville,Green Party,2.4,2.5
24049,Montarville,Conservative,10.9,9.6
24049,Montarville,Bloc Quebecois,28.4,29.1
24049,Montarville,Liberal,32.5,12.5
24049,Montarville,NDP-New Democratic Party,24.7,44.5
24049,Montarville,Other,1.1,1.8
24050,Montcalm,Green Party,1.8,3.8
24050,Montcalm,Conservative,9.6,7.9
24050,Montcalm,NDP-New Democratic Party,23.5,51.9
24050,Montcalm,Liberal,27.3,4.9
24050,Montcalm,Bloc Quebecois,36.6,31.4
24050,Montcalm,Other,1.2,0.0
24051,Montmagny--L'Islet--Kamouraska--Riviere-du-Loup,Green Party,1.7,1.5
24051,Montmagny--L'Islet--Kamouraska--Riviere-du-Loup,Bloc Quebecois,16.1,20.1
24051,Montmagny--L'Islet--Kamouraska--Riviere-du-Loup,Conservative,29,36.3
24051,Montmagny--L'Islet--Kamouraska--Riviere-du-Loup,NDP-New Democratic Party,24.2,36.4
24051,Montmagny--L'Islet--Kamouraska--Riviere-du-Loup,Liberal,28.4,5.8
24051,Montmagny--L'Islet--Kamouraska--Riviere-du-Loup,Other,0.6,0.0
24052,Mount Royal,Bloc Quebecois,1.9,2.9
24052,Mount Royal,Liberal,50.3,41.4
24052,Mount Royal,Green Party,1.6,1.8
24052,Mount Royal,Conservative,37.9,35.6
24052,Mount Royal,NDP-New Democratic Party,8.1,17.9
24052,Mount Royal,Other,0.3,0.5
24053,Notre-Dame-de-Grace--Westmount,Liberal,57.7,38.2
24053,Notre-Dame-de-Grace--Westmount,NDP-New Democratic Party,21.8,35.1
24053,Notre-Dame-de-Grace--Westmount,Bloc Quebecois,2.5,4.1
24053,Notre-Dame-de-Grace--Westmount,Conservative,14.4,17.7
24053,Notre-Dame-de-Grace--Westmount,Green Party,3.1,4.4
24053,Notre-Dame-de-Grace--Westmount,Other,0.7,0.6
24054,Outremont,Liberal,33.5,21.6
24054,Outremont,Green Party,3.6,2.2
24054,Outremont,Bloc Quebecois,8.4,11.6
24054,Outremont,Conservative,9.5,8
24054,Outremont,NDP-New Democratic Party,44.1,55.7
24054,Outremont,Other,0.9,0.9
24055,Papineau,Bloc Quebecois,12.2,24.9
24055,Papineau,NDP-New Democratic Party,25.9,29.5
24055,Papineau,Green Party,2.8,1.9
24055,Papineau,Liberal,52,37.9
24055,Papineau,Conservative,4.7,5
24055,Papineau,Other,2.4,0.8
24056,Pierrefonds--Dollard,Conservative,20,26.9
24056,Pierrefonds--Dollard,Liberal,58.7,30.5
24056,Pierrefonds--Dollard,NDP-New Democratic Party,16.4,34.1
24056,Pierrefonds--Dollard,Bloc Quebecois,3.5,5.0
24056,Pierrefonds--Dollard,Green Party,1.5,3.6
24057,Pontiac,Liberal,54.5,15.2
24057,Pontiac,Green Party,1.7,1.6
24057,Pontiac,Bloc Quebecois,6.9,9.5
24057,Pontiac,NDP-New Democratic Party,22.5,47.3
24057,Pontiac,Conservative,13.9,26.2
24057,Pontiac,Other,0.4,0.2
24058,Portneuf--Jacques-Cartier,Liberal,21.5,6.6
24058,Portneuf--Jacques-Cartier,Conservative,44,0
24058,Portneuf--Jacques-Cartier,Bloc Quebecois,10.7,20.5
24058,Portneuf--Jacques-Cartier,NDP-New Democratic Party,22.1,42.7
24058,Portneuf--Jacques-Cartier,Green Party,1.8,2.4
24059,Quebec,Conservative,21.8,17.8
24059,Quebec,Liberal,28.9,9.0
24059,Quebec,Bloc Quebecois,18.8,28.0
24059,Quebec,NDP-New Democratic Party,27,42.6
24059,Quebec,Green Party,2.9,2.2
24059,Quebec,Other,0.5,0.4
24060,Repentigny,NDP-New Democratic Party,23.3,52.1
24060,Repentigny,Liberal,27.3,7.9
24060,Repentigny,Green Party,1.9,1.7
24060,Repentigny,Conservative,10.8,7.5
24060,Repentigny,Bloc Quebecois,34.7,30.8
24060,Repentigny,Other,2,0.0
24061,Richmond--Arthabaska,NDP-New Democratic Party,24.2,32.5
24061,Richmond--Arthabaska,Green Party,1.7,2.1
24061,Richmond--Arthabaska,Liberal,24.7,7.0
24061,Richmond--Arthabaska,Bloc Quebecois,17.2,33.8
24061,Richmond--Arthabaska,Conservative,31.6,24.7
24061,Richmond--Arthabaska,Other,0.7,0.0
24062,Riviere-des-Mille-iles,Conservative,10.5,10.3
24062,Riviere-des-Mille-iles,Liberal,32.4,11.1
24062,Riviere-des-Mille-iles,NDP-New Democratic Party,29.5,49.1
24062,Riviere-des-Mille-iles,Bloc Quebecois,25.4,27.1
24062,Riviere-des-Mille-iles,Green Party,2,2.4
24062,Riviere-des-Mille-iles,Other,0.3,0.0
24063,Riviere-du-Nord,Liberal,26.4,6.5
24063,Riviere-du-Nord,NDP-New Democratic Party,30.1,55.1
24063,Riviere-du-Nord,Bloc Quebecois,32,28.2
24063,Riviere-du-Nord,Green Party,2.5,1.8
24063,Riviere-du-Nord,Conservative,8.5,8.4
24063,Riviere-du-Nord,Other,0.5,0.0
24064,Rosemont--La Petite-Patrie,Bloc Quebecois,21.1,32.8
24064,Rosemont--La Petite-Patrie,NDP-New Democratic Party,49.2,51.1
24064,Rosemont--La Petite-Patrie,Conservative,4.3,4.3
24064,Rosemont--La Petite-Patrie,Liberal,20.7,9.1
24064,Rosemont--La Petite-Patrie,Green Party,3.1,1.7
24064,Rosemont--La Petite-Patrie,Other,1.7,1.0
24065,Marc-Aurele-Fortin,Bloc Quebecois,21.7,24.3
24065,Marc-Aurele-Fortin,NDP-New Democratic Party,23.5,49.0
24065,Marc-Aurele-Fortin,Conservative,11.9,10.4
24065,Marc-Aurele-Fortin,Green Party,1.9,2.3
24065,Marc-Aurele-Fortin,Liberal,40.9,13.8
24066,Saint-Hyacinthe--Bagot,Green Party,2.3,1.9
24066,Saint-Hyacinthe--Bagot,Bloc Quebecois,24.3,24.6
24066,Saint-Hyacinthe--Bagot,Conservative,16.7,15.7
24066,Saint-Hyacinthe--Bagot,NDP-New Democratic Party,28.7,52.4
24066,Saint-Hyacinthe--Bagot,Liberal,27.6,5.4
24066,Saint-Hyacinthe--Bagot,Other,0.5,0.0
24067,Saint-Jean,Conservative,10.8,10.7
24067,Saint-Jean,Bloc Quebecois,24.8,30.5
24067,Saint-Jean,NDP-New Democratic Party,29.1,47.5
24067,Saint-Jean,Green Party,2.1,2.5
24067,Saint-Jean,Liberal,33.2,8.8
24068,Saint-Laurent,NDP-New Democratic Party,11.5,29.1
24068,Saint-Laurent,Liberal,61.6,42.9
24068,Saint-Laurent,Bloc Quebecois,4.7,6.4
24068,Saint-Laurent,Green Party,2.4,2.1
24068,Saint-Laurent,Conservative,19.5,19.1
24068,Saint-Laurent,Other,0.3,0.4
24069,Saint-Leonard--Saint-Michel,Liberal,64.7,42.2
24069,Saint-Leonard--Saint-Michel,NDP-New Democratic Party,14.8,32.3
24069,Saint-Leonard--Saint-Michel,Conservative,11.1,13.6
24069,Saint-Leonard--Saint-Michel,Bloc Quebecois,7.2,9.6
24069,Saint-Leonard--Saint-Michel,Green Party,1.8,1.8
24069,Saint-Leonard--Saint-Michel,Other,0.3,0.5
24070,Saint-Maurice--Champlain,Bloc Quebecois,19.2,28.5
24070,Saint-Maurice--Champlain,Liberal,41.5,10.9
24070,Saint-Maurice--Champlain,Conservative,16.3,17.1
24070,Saint-Maurice--Champlain,Green Party,1.9,2.0
24070,Saint-Maurice--Champlain,NDP-New Democratic Party,20.8,41.3
24070,Saint-Maurice--Champlain,Other,0.3,0.2
24071,Salaberry--Suroit,Conservative,10,12.7
24071,Salaberry--Suroit,Bloc Quebecois,28.4,33.7
24071,Salaberry--Suroit,NDP-New Democratic Party,30.4,43.6
24071,Salaberry--Suroit,Liberal,29.2,8.1
24071,Salaberry--Suroit,Green Party,1.4,1.8
24071,Salaberry--Suroit,Other,0.7,0.0
24072,Shefford,Bloc Quebecois,22.2,23.4
24072,Shefford,Liberal,39,9.0
24072,Shefford,Conservative,12.8,14.6
24072,Shefford,NDP-New Democratic Party,23.7,51.1
24072,Shefford,Green Party,2.4,1.9
24073,Sherbrooke,Liberal,29.8,9.8
24073,Sherbrooke,Bloc Quebecois,20.4,35.4
24073,Sherbrooke,Conservative,9.4,9.2
24073,Sherbrooke,NDP-New Democratic Party,37.4,43.5
24073,Sherbrooke,Green Party,2,1.7
24073,Sherbrooke,Other,1,0.4
24074,Vaudreuil--Soulanges,Conservative,13.8,17.6
24074,Vaudreuil--Soulanges,Bloc Quebecois,15,23.7
24074,Vaudreuil--Soulanges,Green Party,2.2,2.8
24074,Vaudreuil--Soulanges,NDP-New Democratic Party,22.3,43.5
24074,Vaudreuil--Soulanges,Liberal,46.6,12.4
24075,Terrebonne,Liberal,28,6.9
24075,Terrebonne,NDP-New Democratic Party,25.6,51.5
24075,Terrebonne,Bloc Quebecois,33,30.8
24075,Terrebonne,Green Party,1.7,2.7
24075,Terrebonne,Conservative,11.3,8.1
24075,Terrebonne,Other,0.3,0.0
24076,Trois-Rivieres,NDP-New Democratic Party,31.8,49.7
24076,Trois-Rivieres,Liberal,30.2,10.0
24076,Trois-Rivieres,Conservative,18.6,13.1
24076,Trois-Rivieres,Green Party,1.7,1.9
24076,Trois-Rivieres,Bloc Quebecois,17,24.2
24076,Trois-Rivieres,Other,0.6,1.0
24077,Ville-Marie--Le Sud-Ouest--ile-des-Soeurs,Green Party,4.8,2.8
24077,Ville-Marie--Le Sud-Ouest--ile-des-Soeurs,Liberal,50.8,27.5
24077,Ville-Marie--Le Sud-Ouest--ile-des-Soeurs,Conservative,11.9,11.9
24077,Ville-Marie--Le Sud-Ouest--ile-des-Soeurs,Bloc Quebecois,8.6,16.0
24077,Ville-Marie--Le Sud-Ouest--ile-des-Soeurs,NDP-New Democratic Party,23.4,41.5
24077,Ville-Marie--Le Sud-Ouest--ile-des-Soeurs,Other,0.5,0.3
24078,Vimy,NDP-New Democratic Party,21,42.7
24078,Vimy,Bloc Quebecois,16.7,21.7
24078,Vimy,Conservative,13.4,12.8
24078,Vimy,Liberal,46.2,20.4
24078,Vimy,Green Party,2.4,1.9
24078,Vimy,Other,0.5,0.5
35001,Ajax,Conservative,34.4,44.2
35001,Ajax,NDP-New Democratic Party,8.2,15.0
35001,Ajax,Green Party,1.4,2.7
35001,Ajax,Liberal,55.9,37.9
35001,Ajax,Other,0.1,0.1
35002,Algoma--Manitoulin--Kapuskasing,NDP-New Democratic Party,39.9,49.9
35002,Algoma--Manitoulin--Kapuskasing,Green Party,2.2,3.1
35002,Algoma--Manitoulin--Kapuskasing,Conservative,23.7,32.5
35002,Algoma--Manitoulin--Kapuskasing,Liberal,34.1,14.5
35003,Aurora--Oak Ridges--Richmond Hill,Liberal,47.3,27.9
35003,Aurora--Oak Ridges--Richmond Hill,Conservative,45.2,51.5
35003,Aurora--Oak Ridges--Richmond Hill,NDP-New Democratic Party,5.7,16.0
35003,Aurora--Oak Ridges--Richmond Hill,Green Party,1.3,3.5
35003,Aurora--Oak Ridges--Richmond Hill,Other,0.5,1.2
35004,Barrie--Innisfil,Conservative,46.4,61.3
35004,Barrie--Innisfil,NDP-New Democratic Party,11.8,20.3
35004,Barrie--Innisfil,Green Party,4,5.3
35004,Barrie--Innisfil,Liberal,37.1,12.5
35004,Barrie--Innisfil,Other,0.7,0.6
35005,Barrie--Springwater--Oro-Medonte,Green Party,5.2,6.1
35005,Barrie--Springwater--Oro-Medonte,Conservative,41.8,54.6
35005,Barrie--Springwater--Oro-Medonte,Liberal,41.5,16.9
35005,Barrie--Springwater--Oro-Medonte,NDP-New Democratic Party,10.3,20.0
35005,Barrie--Springwater--Oro-Medonte,Other,1.2,2.4
35006,Bay of Quinte,NDP-New Democratic Party,12.1,23.0
35006,Bay of Quinte,Liberal,50.7,20.9
35006,Bay of Quinte,Conservative,34.3,51.8
35006,Bay of Quinte,Green Party,2.2,3.8
35006,Bay of Quinte,Other,0.6,0.5
35007,Beaches--East York,Conservative,16.4,22.7
35007,Beaches--East York,Liberal,49.4,30.8
35007,Beaches--East York,NDP-New Democratic Party,30.8,41.6
35007,Beaches--East York,Green Party,2.6,4.6
35007,Beaches--East York,Other,0.8,0.3
35008,Brampton Centre,Green Party,2.1,4.4
35008,Brampton Centre,Conservative,33.7,46.4
35008,Brampton Centre,NDP-New Democratic Party,15.1,23.2
35008,Brampton Centre,Liberal,48.6,25.4
35008,Brampton Centre,Other,0.4,0.6
35009,Brampton East,Conservative,23.5,29.5
35009,Brampton East,Liberal,52.3,30.7
35009,Brampton East,NDP-New Democratic Party,23,37.6
35009,Brampton East,Green Party,1.1,1.7
35010,Brampton North,Conservative,33,48.9
35010,Brampton North,Liberal,48.4,28.2
35010,Brampton North,NDP-New Democratic Party,16.5,18.8
35010,Brampton North,Green Party,1.9,3.7
35010,Brampton North,Other,0.2,0.5
35011,Brampton South,Green Party,2.2,2.3
35011,Brampton South,NDP-New Democratic Party,10.7,16.4
35011,Brampton South,Conservative,35,45.4
35011,Brampton South,Liberal,52.1,35.4
35012,Brampton West,Green Party,1.6,1.6
35012,Brampton West,Liberal,55.9,36.1
35012,Brampton West,NDP-New Democratic Party,12.4,19.6
35012,Brampton West,Conservative,30.1,42
35013,Brantford--Brant,Green Party,2.5,3.2
35013,Brantford--Brant,NDP-New Democratic Party,24.8,28.9
35013,Brantford--Brant,Conservative,40.9,48.4
35013,Brantford--Brant,Liberal,30.7,18.9
35013,Brantford--Brant,Other,1.1,0.5
35014,Bruce--Grey--Owen Sound,Green Party,3.3,10.0
35014,Bruce--Grey--Owen Sound,Liberal,38.8,16.1
35014,Bruce--Grey--Owen Sound,NDP-New Democratic Party,11.1,17.6
35014,Bruce--Grey--Owen Sound,Conservative,46.7,56.3
35015,Burlington,Green Party,2.4,3.5
35015,Burlington,Liberal,46,23.2
35015,Burlington,NDP-New Democratic Party,9.1,18.9
35015,Burlington,Conservative,42.5,54.1
35016,Cambridge,Green Party,3.2,3.6
35016,Cambridge,Conservative,38.6,52.7
35016,Cambridge,Liberal,43.2,15.4
35016,Cambridge,NDP-New Democratic Party,13.9,27.9
35016,Cambridge,Other,1.1,0.3
35017,Chatham-Kent--Leamington,Liberal,37.2,16.3
35017,Chatham-Kent--Leamington,Conservative,41.7,53.2
35017,Chatham-Kent--Leamington,Green Party,2.7,3.3
35017,Chatham-Kent--Leamington,NDP-New Democratic Party,18.4,27.2
35018,Davenport,NDP-New Democratic Party,41.4,53.7
35018,Davenport,Liberal,44.3,27.9
35018,Davenport,Conservative,10.6,14.2
35018,Davenport,Green Party,3.1,3.4
35018,Davenport,Other,0.7,0.8
35019,Don Valley East,NDP-New Democratic Party,10.4,21.9
35019,Don Valley East,Conservative,29.2,36.4
35019,Don Valley East,Liberal,57.8,38.4
35019,Don Valley East,Green Party,2.6,2.8
35020,Don Valley North,Green Party,2.2,1.3
35020,Don Valley North,Conservative,37.8,40.3
35020,Don Valley North,NDP-New Democratic Party,8.5,20.7
35020,Don Valley North,Liberal,51.4,37.3
35021,Don Valley West,Conservative,37.6,43.9
35021,Don Valley West,Green Party,1.7,3.6
35021,Don Valley West,Liberal,53.8,41.5
35021,Don Valley West,NDP-New Democratic Party,6,10.7
35021,Don Valley West,Other,0.9,0.3
35022,Dufferin--Caledon,Liberal,39.1,13.1
35022,Dufferin--Caledon,Conservative,46.3,59
35022,Dufferin--Caledon,Green Party,7.3,14.7
35022,Dufferin--Caledon,NDP-New Democratic Party,7.3,13.2
35023,Durham,Green Party,2.5,4.6
35023,Durham,Conservative,45.1,55.2
35023,Durham,NDP-New Democratic Party,16,23.7
35023,Durham,Liberal,35.8,15.5
35023,Durham,Other,0.6,1.0
35024,Eglinton--Lawrence,Green Party,1.4,3.2
35024,Eglinton--Lawrence,Liberal,48.9,38.4
35024,Eglinton--Lawrence,Conservative,42.6,46.8
35024,Eglinton--Lawrence,NDP-New Democratic Party,6.3,11.6
35024,Eglinton--Lawrence,Other,0.8,0.0
35025,Elgin--Middlesex--London,Liberal,31,13.4
35025,Elgin--Middlesex--London,Green Party,3.1,3.0
35025,Elgin--Middlesex--London,NDP-New Democratic Party,15.4,24.1
35025,Elgin--Middlesex--London,Conservative,49.2,58.1
35025,Elgin--Middlesex--London,Other,1.2,1.4
35026,Essex,Green Party,1.9,2.4
35026,Essex,Liberal,20.9,14.3
35026,Essex,NDP-New Democratic Party,41.4,34.9
35026,Essex,Conservative,35.7,48.3
35026,Essex,Other,0.1,0.1
35027,Etobicoke Centre,NDP-New Democratic Party,7.9,14.6
35027,Etobicoke Centre,Conservative,37.3,41.9
35027,Etobicoke Centre,Green Party,1.4,2.7
35027,Etobicoke Centre,Liberal,52.8,40.6
35027,Etobicoke Centre,Other,0.6,0.3
35028,Etobicoke--Lakeshore,Liberal,53.7,35.1
35028,Etobicoke--Lakeshore,Green Party,2.3,4.0
35028,Etobicoke--Lakeshore,NDP-New Democratic Party,10.9,20.3
35028,Etobicoke--Lakeshore,Conservative,32.4,40.2
35028,Etobicoke--Lakeshore,Other,0.7,0.4
35029,Etobicoke North,Green Party,1.2,0.2
35029,Etobicoke North,Conservative,23,32
35029,Etobicoke North,Liberal,62.4,42.6
35029,Etobicoke North,NDP-New Democratic Party,12.4,23.6
35029,Etobicoke North,Other,1,1.7
35030,Flamborough--Glanbrook,NDP-New Democratic Party,14,22.8
35030,Flamborough--Glanbrook,Liberal,39.1,16.9
35030,Flamborough--Glanbrook,Conservative,43.5,55.4
35030,Flamborough--Glanbrook,Green Party,3.4,4.2
35031,Glengarry--Prescott--Russell,Liberal,53.3,30.6
35031,Glengarry--Prescott--Russell,NDP-New Democratic Party,7.9,16.7
35031,Glengarry--Prescott--Russell,Conservative,36.4,48.8
35031,Glengarry--Prescott--Russell,Green Party,1.8,3.6
35031,Glengarry--Prescott--Russell,Other,0.6,0.3
35032,Guelph,Conservative,26.3,32.8
35032,Guelph,Liberal,49.1,43.4
35032,Guelph,Green Party,11.3,6.1
35032,Guelph,NDP-New Democratic Party,12,16.7
35032,Guelph,Other,1.2,1.0
35033,Haldimand--Norfolk,Green Party,3.3,3.3
35033,Haldimand--Norfolk,Conservative,44.1,50.9
35033,Haldimand--Norfolk,NDP-New Democratic Party,13.6,20.0
35033,Haldimand--Norfolk,Liberal,36.6,24.9
35033,Haldimand--Norfolk,Other,2.4,0.9
35034,Haliburton--Kawartha Lakes--Brock,Green Party,4,5.0
35034,Haliburton--Kawartha Lakes--Brock,Liberal,31.8,12.9
35034,Haliburton--Kawartha Lakes--Brock,NDP-New Democratic Party,19.4,22.1
35034,Haliburton--Kawartha Lakes--Brock,Conservative,44.8,60
35035,Hamilton Centre,NDP-New Democratic Party,45.6,60.3
35035,Hamilton Centre,Conservative,14.6,23.5
35035,Hamilton Centre,Green Party,4.3,0.5
35035,Hamilton Centre,Liberal,33.4,13.1
35035,Hamilton Centre,Other,2.1,2.7
35036,Hamilton East--Stoney Creek,Liberal,39,13.6
35036,Hamilton East--Stoney Creek,Conservative,25.3,36.9
35036,Hamilton East--Stoney Creek,Green Party,2.6,2.8
35036,Hamilton East--Stoney Creek,NDP-New Democratic Party,32.7,44.3
35036,Hamilton East--Stoney Creek,Other,0.4,2.4
35037,Hamilton Mountain,Green Party,2.5,2.8
35037,Hamilton Mountain,Liberal,33.5,15.6
35037,Hamilton Mountain,NDP-New Democratic Party,35.9,48.4
35037,Hamilton Mountain,Conservative,25.7,32.3
35037,Hamilton Mountain,Other,2.4,0.8
35038,Hamilton West--Ancaster--Dundas,NDP-New Democratic Party,16.3,28.2
35038,Hamilton West--Ancaster--Dundas,Green Party,4.2,3.7
35038,Hamilton West--Ancaster--Dundas,Conservative,31.8,42.4
35038,Hamilton West--Ancaster--Dundas,Liberal,47.7,24.9
35039,Hastings--Lennox and Addington,NDP-New Democratic Party,12.7,24.0
35039,Hastings--Lennox and Addington,Liberal,42.4,17.1
35039,Hastings--Lennox and Addington,Conservative,41.9,54.9
35039,Hastings--Lennox and Addington,Green Party,2.9,3.4
35040,Huron--Bruce,NDP-New Democratic Party,13,25.3
35040,Huron--Bruce,Conservative,44.9,54.9
35040,Huron--Bruce,Green Party,2.4,2.7
35040,Huron--Bruce,Liberal,39.7,16.5
35041,Kanata--Carleton,NDP-New Democratic Party,6.8,15.3
35041,Kanata--Carleton,Liberal,51.3,26.5
35041,Kanata--Carleton,Conservative,39.2,53.7
35041,Kanata--Carleton,Green Party,2.7,4.5
35042,Kenora,NDP-New Democratic Party,33.9,27.9
35042,Kenora,Green Party,1.6,2.6
35042,Kenora,Liberal,35.5,21.9
35042,Kenora,Conservative,28.5,47
35042,Kenora,Other,0.5,0.6
35043,King--Vaughan,Green Party,1.9,2.7
35043,King--Vaughan,NDP-New Democratic Party,6.5,12.3
35043,King--Vaughan,Liberal,47.4,27.5
35043,King--Vaughan,Conservative,44.2,57.1
35044,Kingston and the Islands,NDP-New Democratic Party,17,21.6
35044,Kingston and the Islands,Conservative,22.7,34.1
35044,Kingston and the Islands,Liberal,55.4,40.0
35044,Kingston and the Islands,Green Party,4.5,4.3
35044,Kingston and the Islands,Other,0.5,0.0
35045,Kitchener Centre,NDP-New Democratic Party,16.6,21.9
35045,Kitchener Centre,Liberal,48.8,32.3
35045,Kitchener Centre,Green Party,3.1,4.6
35045,Kitchener Centre,Conservative,30.4,40.4
35045,Kitchener Centre,Other,1.2,0.8
35046,Kitchener--Conestoga,Conservative,43.3,54.4
35046,Kitchener--Conestoga,Green Party,2.8,3.6
35046,Kitchener--Conestoga,Liberal,42.8,23.5
35046,Kitchener--Conestoga,NDP-New Democratic Party,9.8,18.3
35046,Kitchener--Conestoga,Other,1.4,0.2
35047,Kitchener South--Hespeler,NDP-New Democratic Party,15.6,25.8
35047,Kitchener South--Hespeler,Conservative,36.7,51.2
35047,Kitchener South--Hespeler,Liberal,42.3,18.9
35047,Kitchener South--Hespeler,Green Party,3.7,4.0
35047,Kitchener South--Hespeler,Other,1.8,0.1
35048,Lambton--Kent--Middlesex,Liberal,29.4,14.2
35048,Lambton--Kent--Middlesex,NDP-New Democratic Party,17,24.0
35048,Lambton--Kent--Middlesex,Green Party,3.3,3.3
35048,Lambton--Kent--Middlesex,Conservative,50.2,57.7
35049,Lanark--Frontenac--Kingston,Liberal,33.8,16.4
35049,Lanark--Frontenac--Kingston,NDP-New Democratic Party,14.1,18.1
35049,Lanark--Frontenac--Kingston,Green Party,3.5,4.9
35049,Lanark--Frontenac--Kingston,Conservative,47.9,60.1
35049,Lanark--Frontenac--Kingston,Other,0.7,0.5
35050,Leeds-Grenville-Thousand Islands and Rideau Lakes,NDP-New Democratic Party,8.4,18.3
35050,Leeds-Grenville-Thousand Islands and Rideau Lakes,Conservative,47.4,60.8
35050,Leeds-Grenville-Thousand Islands and Rideau Lakes,Liberal,40.6,15.9
35050,Leeds-Grenville-Thousand Islands and Rideau Lakes,Green Party,3.7,5.0
35051,London--Fanshawe,Conservative,27.2,33.9
35051,London--Fanshawe,NDP-New Democratic Party,37.8,49.8
35051,London--Fanshawe,Green Party,2.9,3.0
35051,London--Fanshawe,Liberal,31.4,12.0
35051,London--Fanshawe,Other,0.6,1.2
35052,London North Centre,Green Party,3.6,4.0
35052,London North Centre,Liberal,50.5,34.2
35052,London North Centre,NDP-New Democratic Party,14.7,24.3
35052,London North Centre,Conservative,31.1,37.1
35052,London North Centre,Other,0.2,0.4
35053,London West,Conservative,35.3,45.1
35053,London West,Green Party,2.8,2.7
35053,London West,NDP-New Democratic Party,14.8,25.4
35053,London West,Liberal,45.8,26.7
35053,London West,Other,1.2,0.1
35054,Markham--Stouffville,Conservative,42.8,50.5
35054,Markham--Stouffville,NDP-New Democratic Party,6.1,17.0
35054,Markham--Stouffville,Green Party,1.9,2.7
35054,Markham--Stouffville,Liberal,49.2,29.0
35055,Markham--Thornhill,NDP-New Democratic Party,10.7,23.4
35055,Markham--Thornhill,Conservative,32.3,36.4
35055,Markham--Thornhill,Liberal,55.7,37.1
35055,Markham--Thornhill,Green Party,1.2,2.6
35056,Markham--Unionville,Liberal,43.3,33.7
35056,Markham--Unionville,Green Party,2.2,3.0
35056,Markham--Unionville,Conservative,49.4,45.8
35056,Markham--Unionville,NDP-New Democratic Party,5.1,16.5
35057,Milton,NDP-New Democratic Party,10.9,16.5
35057,Milton,Green Party,2.3,3.9
35057,Milton,Conservative,45.4,55
35057,Milton,Liberal,40.4,24.2
35057,Milton,Other,1,0.4
35058,Mississauga Centre,Liberal,54.7,36.7
35058,Mississauga Centre,NDP-New Democratic Party,9.5,19.0
35058,Mississauga Centre,Green Party,2.2,2.3
35058,Mississauga Centre,Conservative,33.6,41.7
35059,Mississauga East--Cooksville,Green Party,1.5,2.2
35059,Mississauga East--Cooksville,Liberal,54.2,36.2
35059,Mississauga East--Cooksville,Conservative,35.4,43.5
35059,Mississauga East--Cooksville,NDP-New Democratic Party,8.6,17.7
35059,Mississauga East--Cooksville,Other,0.3,0.5
35060,Mississauga--Erin Mills,NDP-New Democratic Party,9.4,16.1
35060,Mississauga--Erin Mills,Conservative,39.2,46.6
35060,Mississauga--Erin Mills,Liberal,49.7,34.4
35060,Mississauga--Erin Mills,Green Party,1.6,2.7
35061,Mississauga--Lakeshore,Conservative,41.2,46.9
35061,Mississauga--Lakeshore,Green Party,2.4,3.1
35061,Mississauga--Lakeshore,NDP-New Democratic Party,8,12.8
35061,Mississauga--Lakeshore,Liberal,47.7,36.9
35061,Mississauga--Lakeshore,Other,0.7,0.4
35062,Mississauga--Malton,Liberal,59.1,36.8
35062,Mississauga--Malton,NDP-New Democratic Party,12.3,23.4
35062,Mississauga--Malton,Conservative,26.4,37.4
35062,Mississauga--Malton,Green Party,1.7,2.0
35062,Mississauga--Malton,Other,0.5,0.3
35063,Mississauga--Streetsville,Conservative,40.4,46.1
35063,Mississauga--Streetsville,Green Party,2.3,3.7
35063,Mississauga--Streetsville,NDP-New Democratic Party,9,15.2
35063,Mississauga--Streetsville,Liberal,47.8,35.0
35063,Mississauga--Streetsville,Other,0.5,0.0
35064,Nepean,Liberal,52.4,27.1
35064,Nepean,Green Party,2.3,4.0
35064,Nepean,NDP-New Democratic Party,8.2,17.8
35064,Nepean,Conservative,36.1,51
35064,Nepean,Other,0.9,0.0
35065,Newmarket--Aurora,Conservative,42.6,54.1
35065,Newmarket--Aurora,NDP-New Democratic Party,8.5,15.8
35065,Newmarket--Aurora,Green Party,2.4,4.4
35065,Newmarket--Aurora,Liberal,45.2,23.7
35065,Newmarket--Aurora,Other,1.3,2.1
35066,Niagara Centre,NDP-New Democratic Party,31.5,43.2
35066,Niagara Centre,Liberal,35.7,14.4
35066,Niagara Centre,Green Party,2.4,2.5
35066,Niagara Centre,Conservative,29.7,39.1
35066,Niagara Centre,Other,0.7,0.9
35067,Niagara Falls,NDP-New Democratic Party,20.9,23.5
35067,Niagara Falls,Conservative,42.1,53.3
35067,Niagara Falls,Liberal,34.5,18.9
35067,Niagara Falls,Green Party,2.5,3.9
35068,Niagara West,Conservative,48.8,59.5
35068,Niagara West,Green Party,3,4.5
35068,Niagara West,NDP-New Democratic Party,11.5,19.2
35068,Niagara West,Liberal,32.7,14.3
35068,Niagara West,Other,4,2.5
35069,Nickel Belt,NDP-New Democratic Party,37.8,55.0
35069,Nickel Belt,Conservative,16.7,28
35069,Nickel Belt,Green Party,2.5,2.8
35069,Nickel Belt,Liberal,42.8,14.1
35069,Nickel Belt,Other,0.2,0.1
35070,Nipissing--Timiskaming,Conservative,29.3,36.4
35070,Nipissing--Timiskaming,NDP-New Democratic Party,16.2,21.1
35070,Nipissing--Timiskaming,Green Party,2.6,6.0
35070,Nipissing--Timiskaming,Liberal,51.9,36.5
35071,Northumberland--Peterborough South,NDP-New Democratic Party,14.8,20.6
35071,Northumberland--Peterborough South,Conservative,39.6,53.4
35071,Northumberland--Peterborough South,Liberal,42.5,21.1
35071,Northumberland--Peterborough South,Green Party,3.1,4.7
35072,Oakville,Green Party,2.2,3.7
35072,Oakville,NDP-New Democratic Party,5.9,13.9
35072,Oakville,Liberal,49.4,30.7
35072,Oakville,Conservative,42.5,51.6
35073,Oakville North--Burlington,NDP-New Democratic Party,7.2,15.5
35073,Oakville North--Burlington,Liberal,46.7,27.0
35073,Oakville North--Burlington,Green Party,1.6,3.1
35073,Oakville North--Burlington,Conservative,43.3,54.2
35073,Oakville North--Burlington,Other,1.1,0.3
35074,Oshawa,Conservative,38.2,51.1
35074,Oshawa,Green Party,2.5,3.5
35074,Oshawa,NDP-New Democratic Party,31.9,37.1
35074,Oshawa,Liberal,27.3,7.7
35074,Oshawa,Other,0.1,0.6
35075,Ottawa Centre,NDP-New Democratic Party,38.5,52.2
35075,Ottawa Centre,Conservative,14.5,21.6
35075,Ottawa Centre,Liberal,42.7,20.1
35075,Ottawa Centre,Green Party,3,5.0
35075,Ottawa Centre,Other,1.3,1.1
35076,Orleans,Conservative,30.5,45.2
35076,Orleans,Liberal,59.7,38.0
35076,Orleans,Green Party,1.8,2.9
35076,Orleans,NDP-New Democratic Party,8,14.0
35077,Ottawa South,Conservative,24.3,33.3
35077,Ottawa South,NDP-New Democratic Party,11.6,18.2
35077,Ottawa South,Liberal,60.1,44.0
35077,Ottawa South,Green Party,2.9,3.0
35077,Ottawa South,Other,1.2,1.5
35078,Ottawa--Vanier,Liberal,57.6,38.1
35078,Ottawa--Vanier,Green Party,3.1,5.1
35078,Ottawa--Vanier,Conservative,19.1,27.9
35078,Ottawa--Vanier,NDP-New Democratic Party,19.2,28.7
35078,Ottawa--Vanier,Other,1,0.2
35079,Ottawa West--Nepean,Conservative,30,44.7
35079,Ottawa West--Nepean,Green Party,2.8,4.0
35079,Ottawa West--Nepean,NDP-New Democratic Party,9.8,19.8
35079,Ottawa West--Nepean,Liberal,55.9,31.5
35079,Ottawa West--Nepean,Other,1.4,0.0
35080,Oxford,Green Party,3.5,4.3
35080,Oxford,NDP-New Democratic Party,16.5,25.4
35080,Oxford,Conservative,45.7,59
35080,Oxford,Liberal,32.2,9.6
35080,Oxford,Other,2.1,1.6
35081,Parkdale--High Park,Conservative,13,15.6
35081,Parkdale--High Park,NDP-New Democratic Party,40.2,47.2
35081,Parkdale--High Park,Green Party,3,3.3
35081,Parkdale--High Park,Liberal,42,32.9
35081,Parkdale--High Park,Other,1.7,1.1
35082,Parry Sound--Muskoka,Conservative,43.3,55.7
35082,Parry Sound--Muskoka,Liberal,38.9,11.5
35082,Parry Sound--Muskoka,Green Party,7.2,8.1
35082,Parry Sound--Muskoka,NDP-New Democratic Party,10.1,24.2
35082,Parry Sound--Muskoka,Other,0.5,0.5
35083,Perth--Wellington,Liberal,37.6,18.0
35083,Perth--Wellington,Conservative,42.9,54.5
35083,Perth--Wellington,NDP-New Democratic Party,15,21.3
35083,Perth--Wellington,Green Party,2.6,4.6
35083,Perth--Wellington,Other,1.9,1.7
35084,Peterborough--Kawartha,Green Party,2.2,3.7
35084,Peterborough--Kawartha,Liberal,43.8,21.3
35084,Peterborough--Kawartha,NDP-New Democratic Party,18.7,25.0
35084,Peterborough--Kawartha,Conservative,35.1,49.6
35084,Peterborough--Kawartha,Other,0.2,0.5
35085,Pickering--Uxbridge,Conservative,38.2,46
35085,Pickering--Uxbridge,NDP-New Democratic Party,9.2,15.7
35085,Pickering--Uxbridge,Green Party,2.3,4.5
35085,Pickering--Uxbridge,Liberal,50.3,33.6
35086,Renfrew--Nipissing--Pembroke,Conservative,45.8,53.4
35086,Renfrew--Nipissing--Pembroke,Green Party,1.9,1.7
35086,Renfrew--Nipissing--Pembroke,Liberal,32.7,12.7
35086,Renfrew--Nipissing--Pembroke,NDP-New Democratic Party,8.6,13.4
35086,Renfrew--Nipissing--Pembroke,Other,11,18.7
35087,Richmond Hill,NDP-New Democratic Party,8,17.0
35087,Richmond Hill,Liberal,46.9,35.6
35087,Richmond Hill,Conservative,43.3,43.5
35087,Richmond Hill,Green Party,1.7,3.8
35088,Carleton,Green Party,3.3,4.1
35088,Carleton,NDP-New Democratic Party,6.1,13.3
35088,Carleton,Conservative,46.9,61.7
35088,Carleton,Liberal,43.7,20.9
35089,St. Catharines,Liberal,43.2,20.7
35089,St. Catharines,Conservative,37.6,50.7
35089,St. Catharines,NDP-New Democratic Party,16.5,23.9
35089,St. Catharines,Green Party,2.6,3.8
35089,St. Catharines,Other,0.1,0.9
35090,Toronto--St. Paul's,Liberal,55.3,39.9
35090,Toronto--St. Paul's,Green Party,3,4.5
35090,Toronto--St. Paul's,Conservative,27,32.4
35090,Toronto--St. Paul's,NDP-New Democratic Party,14.7,22.6
35091,Sarnia--Lambton,Conservative,38.8,52.6
35091,Sarnia--Lambton,NDP-New Democratic Party,31.1,29.9
35091,Sarnia--Lambton,Liberal,27.3,14.0
35091,Sarnia--Lambton,Green Party,2.8,2.5
35092,Sault Ste. Marie,Green Party,2.1,2.1
35092,Sault Ste. Marie,Conservative,31.1,40.4
35092,Sault Ste. Marie,NDP-New Democratic Party,21.8,37.4
35092,Sault Ste. Marie,Liberal,44.8,19.7
35092,Sault Ste. Marie,Other,0.2,0.3
35093,Scarborough--Agincourt,Liberal,51.9,45.6
35093,Scarborough--Agincourt,Conservative,38,34.1
35093,Scarborough--Agincourt,NDP-New Democratic Party,7.9,18.0
35093,Scarborough--Agincourt,Green Party,1.4,2.3
35093,Scarborough--Agincourt,Other,0.8,0.0
35094,Scarborough Centre,Conservative,32.7,34.9
35094,Scarborough Centre,Green Party,2.1,2.6
35094,Scarborough Centre,NDP-New Democratic Party,11.6,30.7
35094,Scarborough Centre,Liberal,50.5,31.9
35094,Scarborough Centre,Other,3.1,0.0
35095,Scarborough--Guildwood,NDP-New Democratic Party,11.3,26.7
35095,Scarborough--Guildwood,Green Party,1.4,2.2
35095,Scarborough--Guildwood,Conservative,26.5,34.7
35095,Scarborough--Guildwood,Liberal,60,35.8
35095,Scarborough--Guildwood,Other,0.7,0.6
35096,Scarborough North,Liberal,48.2,28.9
35096,Scarborough North,Green Party,1.5,1.6
35096,Scarborough North,Conservative,27.4,33.4
35096,Scarborough North,NDP-New Democratic Party,22.1,35.4
35096,Scarborough North,Other,0.8,0.8
35097,Scarborough--Rouge Park,Liberal,60.2,34.8
35097,Scarborough--Rouge Park,Conservative,27.4,31.6
35097,Scarborough--Rouge Park,NDP-New Democratic Party,10.4,31.0
35097,Scarborough--Rouge Park,Green Party,2,2.4
35098,Scarborough Southwest,Liberal,52.5,29.3
35098,Scarborough Southwest,NDP-New Democratic Party,23.7,34.9
35098,Scarborough Southwest,Conservative,21.2,31.7
35098,Scarborough Southwest,Green Party,2.6,4.1
35099,Simcoe--Grey,Green Party,4.4,5.5
35099,Simcoe--Grey,Conservative,46.6,48.4
35099,Simcoe--Grey,Liberal,38.6,12.7
35099,Simcoe--Grey,NDP-New Democratic Party,9.6,17.4
35099,Simcoe--Grey,Other,0.8,15.9
35100,Simcoe North,NDP-New Democratic Party,10.6,20.4
35100,Simcoe North,Liberal,39.8,19.2
35100,Simcoe North,Conservative,43.5,53.9
35100,Simcoe North,Green Party,4.5,5.9
35100,Simcoe North,Other,1.7,0.6
35101,Spadina--Fort York,NDP-New Democratic Party,27.3,49.6
35101,Spadina--Fort York,Green Party,2.1,4.2
35101,Spadina--Fort York,Liberal,54.7,24.4
35101,Spadina--Fort York,Conservative,15.7,20.9
35101,Spadina--Fort York,Other,0.3,0.9
35102,Stormont--Dundas--South Glengarry,NDP-New Democratic Party,8.2,17.5
35102,Stormont--Dundas--South Glengarry,Liberal,38.5,17.9
35102,Stormont--Dundas--South Glengarry,Green Party,2.2,2.2
35102,Stormont--Dundas--South Glengarry,Conservative,51.1,62.1
35103,Sudbury,Liberal,47.4,18.0
35103,Sudbury,NDP-New Democratic Party,27.8,49.9
35103,Sudbury,Green Party,3,3.0
35103,Sudbury,Conservative,21.1,28.3
35103,Sudbury,Other,0.7,0.8
35104,Thornhill,NDP-New Democratic Party,5.2,11.5
35104,Thornhill,Liberal,33.8,22.5
35104,Thornhill,Conservative,58.6,63.2
35104,Thornhill,Green Party,1.2,2.5
35104,Thornhill,Other,1.4,0.3
35105,Thunder Bay--Rainy River,Conservative,21.1,27.2
35105,Thunder Bay--Rainy River,Green Party,5.2,2.4
35105,Thunder Bay--Rainy River,NDP-New Democratic Party,29.7,48.6
35105,Thunder Bay--Rainy River,Liberal,44,21.7
35106,Thunder Bay--Superior North,NDP-New Democratic Party,23.2,50.2
35106,Thunder Bay--Superior North,Liberal,45,16.5
35106,Thunder Bay--Superior North,Conservative,17.4,29.6
35106,Thunder Bay--Superior North,Green Party,13.8,3.0
35106,Thunder Bay--Superior North,Other,0.6,0.7
35107,Timmins--James Bay,NDP-New Democratic Party,42.9,49.9
35107,Timmins--James Bay,Conservative,20.4,31.9
35107,Timmins--James Bay,Green Party,2,2.2
35107,Timmins--James Bay,Liberal,34.7,16.0
35108,Toronto Centre,Green Party,2.6,5.2
35108,Toronto Centre,Conservative,12.2,17.3
35108,Toronto Centre,NDP-New Democratic Party,26.6,36.5
35108,Toronto Centre,Liberal,57.9,39.7
35108,Toronto Centre,Other,0.8,1.3
35109,Toronto--Danforth,Liberal,42.3,17.6
35109,Toronto--Danforth,Conservative,9.9,14.3
35109,Toronto--Danforth,NDP-New Democratic Party,40.2,60.8
35109,Toronto--Danforth,Green Party,4.7,6.5
35109,Toronto--Danforth,Other,2.9,0.8
35110,University--Rosedale,Liberal,49.8,30.6
35110,University--Rosedale,NDP-New Democratic Party,28.6,43.8
35110,University--Rosedale,Conservative,17.5,20.1
35110,University--Rosedale,Green Party,2.9,4.7
35110,University--Rosedale,Other,1.09,0.8
35111,Vaughan--Woodbridge,Green Party,1.3,2.0
35111,Vaughan--Woodbridge,Conservative,43.9,56.6
35111,Vaughan--Woodbridge,Liberal,48.7,30.7
35111,Vaughan--Woodbridge,NDP-New Democratic Party,4.6,10.7
35111,Vaughan--Woodbridge,Other,1.5,0.0
35112,Waterloo,Conservative,32.3,41.4
35112,Waterloo,Liberal,49.7,38.3
35112,Waterloo,NDP-New Democratic Party,14.9,14.9
35112,Waterloo,Green Party,2.9,4.7
35112,Waterloo,Other,0.2,0.7
35113,Wellington--Halton Hills,Green Party,4,6.4
35113,Wellington--Halton Hills,Conservative,50.9,63.7
35113,Wellington--Halton Hills,NDP-New Democratic Party,8.3,13.0
35113,Wellington--Halton Hills,Liberal,36.5,16.4
35113,Wellington--Halton Hills,Other,0.3,0.6
35114,Whitby,Liberal,45,14.5
35114,Whitby,Green Party,2.2,5.0
35114,Whitby,NDP-New Democratic Party,10.3,21.4
35114,Whitby,Conservative,42.1,58.8
35114,Whitby,Other,0.4,0.3
35115,Willowdale,Green Party,2.2,0.4
35115,Willowdale,Liberal,53.4,39.2
35115,Willowdale,Conservative,37,41.5
35115,Willowdale,NDP-New Democratic Party,7,18.9
35115,Willowdale,Other,0.5,0.0
35116,Windsor--Tecumseh,Conservative,27.5,33.6
35116,Windsor--Tecumseh,NDP-New Democratic Party,43.5,49.9
35116,Windsor--Tecumseh,Green Party,2,3.0
35116,Windsor--Tecumseh,Liberal,26.6,12.9
35116,Windsor--Tecumseh,Other,0.5,0.5
35117,Windsor West,Green Party,2.3,2.8
35117,Windsor West,Conservative,20.8,31.6
35117,Windsor West,NDP-New Democratic Party,51.3,54.3
35117,Windsor West,Liberal,25.2,10.9
35117,Windsor West,Other,0.3,0.4
35118,York Centre,Conservative,44,48.5
35118,York Centre,NDP-New Democratic Party,7.3,15.9
35118,York Centre,Green Party,1.8,2.3
35118,York Centre,Liberal,46.9,33.2
35119,York--Simcoe,NDP-New Democratic Party,8.9,18.6
35119,York--Simcoe,Liberal,37.8,11.3
35119,York--Simcoe,Conservative,50.2,63.7
35119,York--Simcoe,Green Party,3.1,5.4
35120,York South--Weston,Liberal,46,32.8
35120,York South--Weston,Green Party,2,2.8
35120,York South--Weston,Conservative,19.2,24.3
35120,York South--Weston,NDP-New Democratic Party,30.4,40.1
35120,York South--Weston,Other,2.4,0.0
35121,Humber River--Black Creek,NDP-New Democratic Party,10.7,27.8
35121,Humber River--Black Creek,Green Party,1.6,1.6
35121,Humber River--Black Creek,Liberal,66.9,47.0
35121,Humber River--Black Creek,Conservative,20.2,22.1
35121,Humber River--Black Creek,Other,0.6,1.4
46001,Brandon--Souris,Conservative,50.3,63.8
46001,Brandon--Souris,Green Party,6.1,5.7
46001,Brandon--Souris,NDP-New Democratic Party,6.3,24.6
46001,Brandon--Souris,Liberal,37.3,5.7
46002,Charleswood--St. James--Assiniboia--Headingley,Liberal,52,18.4
46002,Charleswood--St. James--Assiniboia--Headingley,Conservative,39,57.6
46002,Charleswood--St. James--Assiniboia--Headingley,Green Party,2.9,3.9
46002,Charleswood--St. James--Assiniboia--Headingley,NDP-New Democratic Party,6,20.1
46003,Churchill--Keewatinook Aski,NDP-New Democratic Party,45,51.7
46003,Churchill--Keewatinook Aski,Liberal,42,19.9
46003,Churchill--Keewatinook Aski,Green Party,1.8,2.3
46003,Churchill--Keewatinook Aski,Conservative,10.3,26.1
46003,Churchill--Keewatinook Aski,Other,0.9,0.0
46004,Dauphin--Swan River--Neepawa,NDP-New Democratic Party,12.3,24.8
46004,Dauphin--Swan River--Neepawa,Liberal,29.5,6.3
46004,Dauphin--Swan River--Neepawa,Conservative,46.3,64.5
46004,Dauphin--Swan River--Neepawa,Green Party,3.8,4.3
46004,Dauphin--Swan River--Neepawa,Other,8.1,0.1
46005,Elmwood--Transcona,NDP-New Democratic Party,34.1,44.8
46005,Elmwood--Transcona,Green Party,2.4,3.1
46005,Elmwood--Transcona,Liberal,29.5,5.2
46005,Elmwood--Transcona,Conservative,34,46.9
46006,Kildonan--St. Paul,Conservative,39.8,58.5
46006,Kildonan--St. Paul,NDP-New Democratic Party,14.3,30.1
46006,Kildonan--St. Paul,Liberal,42.7,7.9
46006,Kildonan--St. Paul,Green Party,1.8,2.6
46006,Kildonan--St. Paul,Other,1.4,1.0
46007,Portage--Lisgar,Conservative,60.8,75.8
46007,Portage--Lisgar,Green Party,4,5.6
46007,Portage--Lisgar,NDP-New Democratic Party,6.2,10.2
46007,Portage--Lisgar,Liberal,25.8,6.0
46007,Portage--Lisgar,Other,3.2,2.4
46008,Provencher,Conservative,56.1,70.4
46008,Provencher,Liberal,34.7,6.7
46008,Provencher,NDP-New Democratic Party,5.3,18.2
46008,Provencher,Green Party,4,3.0
46009,Saint Boniface--Saint Vital,Conservative,28.7,50.1
46009,Saint Boniface--Saint Vital,NDP-New Democratic Party,10.6,15.8
46009,Saint Boniface--Saint Vital,Liberal,58.4,31.2
46009,Saint Boniface--Saint Vital,Green Party,2.3,2.9
46010,Selkirk--Interlake--Eastman,Conservative,51.9,66.5
46010,Selkirk--Interlake--Eastman,NDP-New Democratic Party,11.4,25.1
46010,Selkirk--Interlake--Eastman,Green Party,3.5,3.5
46010,Selkirk--Interlake--Eastman,Liberal,31.4,4.9
46010,Selkirk--Interlake--Eastman,Other,1.8,0.1
46011,Winnipeg Centre,NDP-New Democratic Party,28,53.7
46011,Winnipeg Centre,Liberal,54.5,11.1
46011,Winnipeg Centre,Conservative,12.4,27.6
46011,Winnipeg Centre,Green Party,4.1,7.1
46011,Winnipeg Centre,Other,1.1,0.6
46012,Winnipeg North,NDP-New Democratic Party,13.4,35.4
46012,Winnipeg North,Liberal,68.9,35.0
46012,Winnipeg North,Green Party,2.4,1.8
46012,Winnipeg North,Conservative,15.3,27.4
46013,Winnipeg South,Liberal,58.3,32.0
46013,Winnipeg South,Conservative,34.7,51.7
46013,Winnipeg South,NDP-New Democratic Party,5,14.1
46013,Winnipeg South,Green Party,2.1,2.1
46014,Winnipeg South Centre,Conservative,28.2,41.2
46014,Winnipeg South Centre,Liberal,59.7,36.6
46014,Winnipeg South Centre,NDP-New Democratic Party,9,18.3
46014,Winnipeg South Centre,Green Party,3.1,3.2
47001,Battlefords--Lloydminster,Liberal,16.5,3.4
47001,Battlefords--Lloydminster,Conservative,61,65.9
47001,Battlefords--Lloydminster,NDP-New Democratic Party,17.6,28.1
47001,Battlefords--Lloydminster,Green Party,1.7,2.6
47001,Battlefords--Lloydminster,Other,3.2,0.0
47002,Cypress Hills--Grasslands,Conservative,69.2,70.6
47002,Cypress Hills--Grasslands,Green Party,2.7,2.8
47002,Cypress Hills--Grasslands,NDP-New Democratic Party,13.2,20.8
47002,Cypress Hills--Grasslands,Liberal,14.9,5.8
47003,Desnethe--Missinippi--Churchill River,Conservative,30.2,46.9
47003,Desnethe--Missinippi--Churchill River,NDP-New Democratic Party,34.1,45.4
47003,Desnethe--Missinippi--Churchill River,Liberal,33.9,5.3
47003,Desnethe--Missinippi--Churchill River,Green Party,1.8,2.5
47004,Carlton Trail--Eagle Creek,Conservative,64.7,68.4
47004,Carlton Trail--Eagle Creek,Green Party,2.2,2.6
47004,Carlton Trail--Eagle Creek,Liberal,14.4,3.9
47004,Carlton Trail--Eagle Creek,NDP-New Democratic Party,18.7,24.4
47005,Moose Jaw--Lake Centre--Lanigan,NDP-New Democratic Party,23.8,32.5
47005,Moose Jaw--Lake Centre--Lanigan,Liberal,18,3.8
47005,Moose Jaw--Lake Centre--Lanigan,Conservative,55.5,61
47005,Moose Jaw--Lake Centre--Lanigan,Green Party,2.3,2.7
47005,Moose Jaw--Lake Centre--Lanigan,Other,0.5,0.0
47006,Prince Albert,NDP-New Democratic Party,28.5,31.5
47006,Prince Albert,Conservative,49.8,62.4
47006,Prince Albert,Liberal,19.8,3.4
47006,Prince Albert,Green Party,1.9,2.2
47007,Regina--Lewvan,Liberal,27.5,8.2
47007,Regina--Lewvan,Conservative,34.9,43.9
47007,Regina--Lewvan,Green Party,1.8,2.8
47007,Regina--Lewvan,NDP-New Democratic Party,35.2,45.2
47007,Regina--Lewvan,Other,0.6,0.0
47008,Regina--Qu'Appelle,Liberal,22.8,4.8
47008,Regina--Qu'Appelle,Green Party,2.3,3.0
47008,Regina--Qu'Appelle,NDP-New Democratic Party,30.2,38.6
47008,Regina--Qu'Appelle,Conservative,44.7,53.2
47009,Regina--Wascana,NDP-New Democratic Party,12.6,20.1
47009,Regina--Wascana,Liberal,55.1,41.8
47009,Regina--Wascana,Conservative,30.3,35.7
47009,Regina--Wascana,Green Party,2.1,2.5
47010,Saskatoon--Grasswood,NDP-New Democratic Party,30.2,39.8
47010,Saskatoon--Grasswood,Green Party,1.8,2.5
47010,Saskatoon--Grasswood,Liberal,26.4,7.3
47010,Saskatoon--Grasswood,Conservative,41.6,50.2
47011,Saskatoon--University,Liberal,25.2,9.6
47011,Saskatoon--University,NDP-New Democratic Party,31.5,38.0
47011,Saskatoon--University,Green Party,1.5,2.9
47011,Saskatoon--University,Conservative,41.5,48.6
47011,Saskatoon--University,Other,0.2,0.9
47012,Saskatoon West,Liberal,24.5,3.8
47012,Saskatoon West,NDP-New Democratic Party,39.6,51.1
47012,Saskatoon West,Conservative,32.9,42.5
47012,Saskatoon West,Green Party,1.7,2.6
47012,Saskatoon West,Other,1.29,0.0
47013,Souris--Moose Mountain,Liberal,13.5,5.6
47013,Souris--Moose Mountain,Green Party,2.6,3.1
47013,Souris--Moose Mountain,Conservative,70.1,72.9
47013,Souris--Moose Mountain,NDP-New Democratic Party,13.7,18.5
47014,Yorkton--Melville,Green Party,2.8,2.4
47014,Yorkton--Melville,Liberal,17.8,6.6
47014,Yorkton--Melville,NDP-New Democratic Party,20.2,22.0
47014,Yorkton--Melville,Conservative,59.2,68.9
48001,Banff--Airdrie,NDP-New Democratic Party,6.8,13.1
48001,Banff--Airdrie,Green Party,3.8,7.7
48001,Banff--Airdrie,Liberal,26.1,8.1
48001,Banff--Airdrie,Conservative,63.4,70.7
48002,Battle River--Crowfoot,Green Party,3.2,3.9
48002,Battle River--Crowfoot,Liberal,9.4,2.2
48002,Battle River--Crowfoot,Conservative,80.9,83.1
48002,Battle River--Crowfoot,NDP-New Democratic Party,6.5,9.8
48003,Bow River,Liberal,13.7,3.5
48003,Bow River,Green Party,1.8,3.4
48003,Bow River,NDP-New Democratic Party,5.2,8.2
48003,Bow River,Conservative,77.4,83.4
48003,Bow River,Other,1.9,1.5
48004,Calgary Centre,Green Party,2.2,10.3
48004,Calgary Centre,Conservative,45.3,55.4
48004,Calgary Centre,Liberal,46.5,19.1
48004,Calgary Centre,NDP-New Democratic Party,5.6,15.2
48004,Calgary Centre,Other,0.4,0.0
48005,Calgary Confederation,Liberal,43.5,17.6
48005,Calgary Confederation,NDP-New Democratic Party,7.1,15.8
48005,Calgary Confederation,Green Party,3.2,13.7
48005,Calgary Confederation,Conservative,45.9,52.4
48005,Calgary Confederation,Other,0.2,0.4
48006,Calgary Forest Lawn,Green Party,3,5.3
48006,Calgary Forest Lawn,Conservative,48,63.3
48006,Calgary Forest Lawn,NDP-New Democratic Party,9.8,13.2
48006,Calgary Forest Lawn,Liberal,36,17.5
48006,Calgary Forest Lawn,Other,3.3,0.7
48007,Calgary Heritage,Green Party,2.1,5.5
48007,Calgary Heritage,Conservative,63.8,74.4
48007,Calgary Heritage,NDP-New Democratic Party,7.3,12.1
48007,Calgary Heritage,Liberal,26,7.5
48007,Calgary Heritage,Other,0.79,0.5
48008,Calgary Midnapore,Liberal,22.6,6.4
48008,Calgary Midnapore,Conservative,66.7,75.9
48008,Calgary Midnapore,Green Party,2.7,6.4
48008,Calgary Midnapore,NDP-New Democratic Party,7.7,10.6
48008,Calgary Midnapore,Other,0.2,0.7
48009,Calgary Nose Hill,NDP-New Democratic Party,8.9,12.8
48009,Calgary Nose Hill,Liberal,26.9,11.0
48009,Calgary Nose Hill,Conservative,60,69.3
48009,Calgary Nose Hill,Green Party,2.5,6.7
48009,Calgary Nose Hill,Other,1.6,0.1
48010,Calgary Rocky Ridge,Conservative,60.4,68.5
48010,Calgary Rocky Ridge,NDP-New Democratic Party,5.8,11.5
48010,Calgary Rocky Ridge,Liberal,31.7,12.6
48010,Calgary Rocky Ridge,Green Party,2.1,7.2
48011,Calgary Shepard,NDP-New Democratic Party,6.8,11.1
48011,Calgary Shepard,Liberal,24.7,7.2
48011,Calgary Shepard,Conservative,65.9,75.5
48011,Calgary Shepard,Green Party,2.6,5.6
48012,Calgary Signal Hill,NDP-New Democratic Party,5,10.6
48012,Calgary Signal Hill,Liberal,30.6,15.4
48012,Calgary Signal Hill,Green Party,2.5,8.8
48012,Calgary Signal Hill,Conservative,60.6,64.9
48012,Calgary Signal Hill,Other,1.4,0.3
48013,Calgary Skyview,Liberal,45.9,28.6
48013,Calgary Skyview,Green Party,1.9,4.6
48013,Calgary Skyview,Conservative,39.8,56.3
48013,Calgary Skyview,NDP-New Democratic Party,8,10.0
48013,Calgary Skyview,Other,4.4,0.4
48014,Edmonton Centre,Liberal,37.2,23.7
48014,Edmonton Centre,Conservative,35,46.2
48014,Edmonton Centre,NDP-New Democratic Party,24.5,25.8
48014,Edmonton Centre,Green Party,2.6,3.6
48014,Edmonton Centre,Other,0.8,0.7
48015,Edmonton Griesbach,Conservative,40,52.5
48015,Edmonton Griesbach,Liberal,21.7,6.6
48015,Edmonton Griesbach,NDP-New Democratic Party,34,37.5
48015,Edmonton Griesbach,Green Party,2.4,3.4
48015,Edmonton Griesbach,Other,2,0.0
48016,Edmonton Manning,Conservative,45.2,55.5
48016,Edmonton Manning,Liberal,27.6,9.1
48016,Edmonton Manning,NDP-New Democratic Party,23.6,26.6
48016,Edmonton Manning,Green Party,2.2,2.9
48016,Edmonton Manning,Other,1.4,6.0
48017,Edmonton Mill Woods,NDP-New Democratic Party,12.8,25.4
48017,Edmonton Mill Woods,Green Party,2.2,3.0
48017,Edmonton Mill Woods,Liberal,41.2,11.7
48017,Edmonton Mill Woods,Conservative,41.1,58.9
48017,Edmonton Mill Woods,Other,2.7,0.9
48018,Edmonton Riverbend,Liberal,30.2,14.5
48018,Edmonton Riverbend,NDP-New Democratic Party,17.1,21.2
48018,Edmonton Riverbend,Conservative,49.9,59.4
48018,Edmonton Riverbend,Green Party,2.2,5.0
48018,Edmonton Riverbend,Other,0.7,0.0
48019,Edmonton Strathcona,Green Party,2.3,2.3
48019,Edmonton Strathcona,NDP-New Democratic Party,44,53.7
48019,Edmonton Strathcona,Liberal,20.7,2.9
48019,Edmonton Strathcona,Conservative,31.3,40.3
48019,Edmonton Strathcona,Other,1.79,0.8
48020,Edmonton West,Green Party,1.9,3.7
48020,Edmonton West,Liberal,34.9,12.5
48020,Edmonton West,NDP-New Democratic Party,13,19.5
48020,Edmonton West,Conservative,49.3,64.2
48020,Edmonton West,Other,0.8,0.2
48021,Edmonton--Wetaskiwin,Liberal,21.5,5.7
48021,Edmonton--Wetaskiwin,NDP-New Democratic Party,9.7,14.3
48021,Edmonton--Wetaskiwin,Green Party,2.3,4.1
48021,Edmonton--Wetaskiwin,Conservative,65.8,75.6
48021,Edmonton--Wetaskiwin,Other,0.7,0.3
48022,Foothills,Conservative,75.7,77.8
48022,Foothills,Liberal,13.4,3.5
48022,Foothills,NDP-New Democratic Party,6.4,10.1
48022,Foothills,Green Party,3.3,4.8
48022,Foothills,Other,1.29,3.8
48023,Fort McMurray--Cold Lake,Green Party,1.6,3.6
48023,Fort McMurray--Cold Lake,Liberal,28.4,10.8
48023,Fort McMurray--Cold Lake,NDP-New Democratic Party,7.7,13.1
48023,Fort McMurray--Cold Lake,Conservative,60.6,72.5
48023,Fort McMurray--Cold Lake,Other,1.79,0.0
48024,Grande Prairie--Mackenzie,Green Party,3.1,3.8
48024,Grande Prairie--Mackenzie,Liberal,14.7,3.2
48024,Grande Prairie--Mackenzie,NDP-New Democratic Party,8.1,15.4
48024,Grande Prairie--Mackenzie,Conservative,72.9,76.1
48024,Grande Prairie--Mackenzie,Other,1.1,1.6
48025,Lakeland,Green Party,2.3,4.2
48025,Lakeland,Liberal,13.7,5.1
48025,Lakeland,Conservative,72.8,79
48025,Lakeland,NDP-New Democratic Party,10.1,11.2
48025,Lakeland,Other,1.1,0.5
48026,Lethbridge,Conservative,56.8,52.5
48026,Lethbridge,Green Party,2.6,4.5
48026,Lethbridge,NDP-New Democratic Party,20.5,30.0
48026,Lethbridge,Liberal,18.5,9.1
48026,Lethbridge,Other,1.7,3.9
48027,Medicine Hat--Cardston--Warner,Liberal,17.9,11.2
48027,Medicine Hat--Cardston--Warner,Conservative,68.8,68.7
48027,Medicine Hat--Cardston--Warner,Green Party,2.6,4.4
48027,Medicine Hat--Cardston--Warner,NDP-New Democratic Party,9.7,14.9
48027,Medicine Hat--Cardston--Warner,Other,1,0.8
48028,Peace River--Westlock,NDP-New Democratic Party,14.4,13.0
48028,Peace River--Westlock,Liberal,12.8,3.6
48028,Peace River--Westlock,Green Party,2.5,3.9
48028,Peace River--Westlock,Conservative,69.4,77.8
48028,Peace River--Westlock,Other,0.9,1.7
48029,Red Deer--Mountain View,Conservative,74.3,79.4
48029,Red Deer--Mountain View,NDP-New Democratic Party,8.4,11.9
48029,Red Deer--Mountain View,Liberal,13.4,3.5
48029,Red Deer--Mountain View,Green Party,2.6,5.0
48029,Red Deer--Mountain View,Other,1.2,0.1
48030,Red Deer--Lacombe,Conservative,70.7,77.4
48030,Red Deer--Lacombe,NDP-New Democratic Party,11.4,14.3
48030,Red Deer--Lacombe,Green Party,2.9,4.7
48030,Red Deer--Lacombe,Liberal,15,3.6
48031,St. Albert--Edmonton,Conservative,45.2,64.5
48031,St. Albert--Edmonton,Liberal,22.5,10.8
48031,St. Albert--Edmonton,NDP-New Democratic Party,11.2,20.1
48031,St. Albert--Edmonton,Green Party,1.4,4.6
48031,St. Albert--Edmonton,Other,19.7,0.0
48032,Sherwood Park--Fort Saskatchewan,NDP-New Democratic Party,9.8,11.2
48032,Sherwood Park--Fort Saskatchewan,Liberal,20.4,6.5
48032,Sherwood Park--Fort Saskatchewan,Conservative,63.9,49.5
48032,Sherwood Park--Fort Saskatchewan,Green Party,2.5,4.1
48032,Sherwood Park--Fort Saskatchewan,Other,3.3,28.8
48033,Sturgeon River--Parkland,Conservative,70.2,77.5
48033,Sturgeon River--Parkland,NDP-New Democratic Party,10,13.0
48033,Sturgeon River--Parkland,Liberal,15.6,5.5
48033,Sturgeon River--Parkland,Green Party,3,4.0
48033,Sturgeon River--Parkland,Other,1.1,0.1
48034,Yellowhead,Conservative,72.3,78.1
48034,Yellowhead,NDP-New Democratic Party,9,12.9
48034,Yellowhead,Liberal,14.2,2.9
48034,Yellowhead,Green Party,2.9,5.3
48034,Yellowhead,Other,1.6,0.8
59001,Abbotsford,Conservative,48.3,66.9
59001,Abbotsford,Green Party,5,4.7
59001,Abbotsford,NDP-New Democratic Party,13.7,19.2
59001,Abbotsford,Liberal,32.8,8.7
59001,Abbotsford,Other,0.2,0.5
59002,Burnaby North--Seymour,NDP-New Democratic Party,29.6,35.2
59002,Burnaby North--Seymour,Liberal,36.1,15.7
59002,Burnaby North--Seymour,Conservative,27.8,44.2
59002,Burnaby North--Seymour,Green Party,5.3,3.9
59002,Burnaby North--Seymour,Other,1.2,1.0
59003,Burnaby South,Liberal,33.9,11.7
59003,Burnaby South,Conservative,27.1,39.6
59003,Burnaby South,NDP-New Democratic Party,35.1,44.0
59003,Burnaby South,Green Party,2.8,3.6
59003,Burnaby South,Other,1.1,1.1
59004,Cariboo--Prince George,Liberal,31.5,5.1
59004,Cariboo--Prince George,NDP-New Democratic Party,25.8,30.1
59004,Cariboo--Prince George,Conservative,36.6,56.3
59004,Cariboo--Prince George,Green Party,3.5,6.2
59004,Cariboo--Prince George,Other,2.5,2.4
59005,Central Okanagan--Similkameen--Nicola,Conservative,39.6,54.6
59005,Central Okanagan--Similkameen--Nicola,Green Party,3.9,7.8
59005,Central Okanagan--Similkameen--Nicola,Liberal,37.2,10.1
59005,Central Okanagan--Similkameen--Nicola,NDP-New Democratic Party,19.3,26.0
59006,Chilliwack--Hope,Green Party,4.7,5.0
59006,Chilliwack--Hope,Liberal,33.8,11.2
59006,Chilliwack--Hope,NDP-New Democratic Party,18.2,23.5
59006,Chilliwack--Hope,Conservative,42.3,59.6
59006,Chilliwack--Hope,Other,1,0.7
59007,Cloverdale--Langley City,Liberal,45.5,11.8
59007,Cloverdale--Langley City,Green Party,4.1,4.6
59007,Cloverdale--Langley City,Conservative,34.8,57.4
59007,Cloverdale--Langley City,NDP-New Democratic Party,15.7,24.7
59008,Coquitlam--Port Coquitlam,Conservative,32,55.5
59008,Coquitlam--Port Coquitlam,Liberal,35.3,8.3
59008,Coquitlam--Port Coquitlam,Green Party,3.7,4.3
59008,Coquitlam--Port Coquitlam,NDP-New Democratic Party,27.3,31.0
59008,Coquitlam--Port Coquitlam,Other,1.8,0.9
59009,Courtenay--Alberni,Conservative,28.2,44.9
59009,Courtenay--Alberni,NDP-New Democratic Party,38.1,40.7
59009,Courtenay--Alberni,Liberal,21.8,6.7
59009,Courtenay--Alberni,Green Party,11.7,6.8
59009,Courtenay--Alberni,Other,0.2,0.8
59010,Cowichan--Malahat--Langford,Conservative,22.8,43.1
59010,Cowichan--Malahat--Langford,Green Party,16.9,7.2
59010,Cowichan--Malahat--Langford,Liberal,23.8,5.8
59010,Cowichan--Malahat--Langford,NDP-New Democratic Party,35.9,43.6
59010,Cowichan--Malahat--Langford,Other,0.6,0.3
59011,Delta,Green Party,3.2,4.7
59011,Delta,Conservative,32.8,48
59011,Delta,NDP-New Democratic Party,14.9,28.1
59011,Delta,Liberal,49.1,18.6
59012,Fleetwood--Port Kells,NDP-New Democratic Party,21.5,33.1
59012,Fleetwood--Port Kells,Conservative,29.3,47.8
59012,Fleetwood--Port Kells,Liberal,46.9,15.7
59012,Fleetwood--Port Kells,Green Party,2.4,2.6
59013,Kamloops--Thompson--Cariboo,Green Party,3.6,5.1
59013,Kamloops--Thompson--Cariboo,Conservative,35.3,52.3
59013,Kamloops--Thompson--Cariboo,Liberal,30.4,5.4
59013,Kamloops--Thompson--Cariboo,NDP-New Democratic Party,30.8,36.9
59014,Kelowna--Lake Country,NDP-New Democratic Party,14.1,21.4
59014,Kelowna--Lake Country,Conservative,39.8,58.4
59014,Kelowna--Lake Country,Liberal,46.2,11.5
59015,Kootenay--Columbia,Green Party,6.5,6.4
59015,Kootenay--Columbia,Liberal,19.5,3.5
59015,Kootenay--Columbia,NDP-New Democratic Party,37.2,38.8
59015,Kootenay--Columbia,Conservative,36.8,50.1
59016,Langley--Aldergrove,Green Party,4.4,5.3
59016,Langley--Aldergrove,Liberal,36.6,9.0
59016,Langley--Aldergrove,NDP-New Democratic Party,12.5,19.3
59016,Langley--Aldergrove,Conservative,45.6,65.8
59016,Langley--Aldergrove,Other,0.9,0.6
59017,Mission--Matsqui--Fraser Canyon,NDP-New Democratic Party,20.5,32.0
59017,Mission--Matsqui--Fraser Canyon,Green Party,5.1,4.6
59017,Mission--Matsqui--Fraser Canyon,Liberal,37.2,8.4
59017,Mission--Matsqui--Fraser Canyon,Conservative,34.9,54.5
59017,Mission--Matsqui--Fraser Canyon,Other,2.1,0.5
59018,Nanaimo--Ladysmith,Conservative,23.4,40.4
59018,Nanaimo--Ladysmith,NDP-New Democratic Party,33.2,45.3
59018,Nanaimo--Ladysmith,Green Party,19.8,7.2
59018,Nanaimo--Ladysmith,Liberal,23.5,6.7
59018,Nanaimo--Ladysmith,Other,0.2,0.5
59019,New Westminster--Burnaby,Conservative,20,34.8
59019,New Westminster--Burnaby,NDP-New Democratic Party,43.5,51.8
59019,New Westminster--Burnaby,Liberal,29,8.7
59019,New Westminster--Burnaby,Green Party,4.7,4.3
59019,New Westminster--Burnaby,Other,2.9,0.4
59020,North Okanagan--Shuswap,Conservative,39.3,55.4
59020,North Okanagan--Shuswap,Liberal,29.9,7.5
59020,North Okanagan--Shuswap,Green Party,5.2,10.7
59020,North Okanagan--Shuswap,NDP-New Democratic Party,25.6,26.5
59021,North Vancouver,Green Party,8.3,5.2
59021,North Vancouver,Conservative,26.9,47.6
59021,North Vancouver,NDP-New Democratic Party,7.8,16.9
59021,North Vancouver,Liberal,56.7,29.7
59021,North Vancouver,Other,0.3,0.6
59022,Pitt Meadows--Maple Ridge,NDP-New Democratic Party,29.6,34.9
59022,Pitt Meadows--Maple Ridge,Conservative,31.4,54.8
59022,Pitt Meadows--Maple Ridge,Liberal,33.9,5.4
59022,Pitt Meadows--Maple Ridge,Green Party,4.2,4.9
59022,Pitt Meadows--Maple Ridge,Other,0.9,0.0
59023,Port Moody--Coquitlam,Liberal,30.9,8.5
59023,Port Moody--Coquitlam,NDP-New Democratic Party,36,40.5
59023,Port Moody--Coquitlam,Conservative,29.5,46.5
59023,Port Moody--Coquitlam,Green Party,3.4,4.3
59023,Port Moody--Coquitlam,Other,0.2,0.3
59024,Prince George--Peace River--Northern Rockies,Green Party,5.2,6.1
59024,Prince George--Peace River--Northern Rockies,NDP-New Democratic Party,15.5,25.9
59024,Prince George--Peace River--Northern Rockies,Liberal,24.9,5.2
59024,Prince George--Peace River--Northern Rockies,Conservative,52.5,61.9
59024,Prince George--Peace River--Northern Rockies,Other,2,1.1
59025,Richmond Centre,Green Party,2.9,5.0
59025,Richmond Centre,NDP-New Democratic Party,11.5,18.2
59025,Richmond Centre,Conservative,44.2,58.1
59025,Richmond Centre,Liberal,41.4,18.7
59026,Esquimalt--Saanich--Sooke,NDP-New Democratic Party,35,39.4
59026,Esquimalt--Saanich--Sooke,Green Party,19.9,12.9
59026,Esquimalt--Saanich--Sooke,Conservative,17.5,37.6
59026,Esquimalt--Saanich--Sooke,Liberal,27.4,9.7
59026,Esquimalt--Saanich--Sooke,Other,0.2,0.4
59027,Saanich--Gulf Islands,Conservative,19.5,36.5
59027,Saanich--Gulf Islands,NDP-New Democratic Party,9.1,11.0
59027,Saanich--Gulf Islands,Liberal,16.7,6.1
59027,Saanich--Gulf Islands,Green Party,54.4,46.4
59027,Saanich--Gulf Islands,Other,0.4,0.0
59028,Skeena--Bulkley Valley,NDP-New Democratic Party,51.1,55.2
59028,Skeena--Bulkley Valley,Liberal,18.7,3.6
59028,Skeena--Bulkley Valley,Conservative,24.8,34.6
59028,Skeena--Bulkley Valley,Green Party,3.6,3.2
59028,Skeena--Bulkley Valley,Other,1.8,3.4
59029,South Okanagan--West Kootenay,NDP-New Democratic Party,37.3,39.4
59029,South Okanagan--West Kootenay,Liberal,28.1,7.1
59029,South Okanagan--West Kootenay,Conservative,29.8,44.8
59029,South Okanagan--West Kootenay,Green Party,4.2,8.1
59029,South Okanagan--West Kootenay,Other,0.6,0.6
59030,South Surrey--White Rock,Green Party,3.4,5.9
59030,South Surrey--White Rock,Liberal,41.5,19.1
59030,South Surrey--White Rock,NDP-New Democratic Party,10.4,19.2
59030,South Surrey--White Rock,Conservative,44,52.9
59030,South Surrey--White Rock,Other,0.7,3.0
59031,Steveston--Richmond East,Conservative,38.5,53.9
59031,Steveston--Richmond East,Liberal,45.1,18.6
59031,Steveston--Richmond East,Green Party,3.7,4.1
59031,Steveston--Richmond East,NDP-New Democratic Party,12.1,22.8
59031,Steveston--Richmond East,Other,0.6,0.5
59032,Surrey Centre,Green Party,3.5,3.6
59032,Surrey Centre,NDP-New Democratic Party,30.1,40.0
59032,Surrey Centre,Liberal,45.1,17.8
59032,Surrey Centre,Conservative,19.8,35.7
59032,Surrey Centre,Other,1.6,2.9
59033,Surrey--Newton,Liberal,56,34.1
59033,Surrey--Newton,Green Party,2.2,2.6
59033,Surrey--Newton,NDP-New Democratic Party,26.1,35.3
59033,Surrey--Newton,Conservative,15.7,27.4
59034,Vancouver Centre,Conservative,16.9,26.1
59034,Vancouver Centre,NDP-New Democratic Party,20,26.3
59034,Vancouver Centre,Green Party,5.8,15.1
59034,Vancouver Centre,Liberal,56.1,31.0
59034,Vancouver Centre,Other,1.2,1.5
59035,Vancouver East,NDP-New Democratic Party,49.9,62.8
59035,Vancouver East,Conservative,10.8,18.9
59035,Vancouver East,Green Party,9.2,7.6
59035,Vancouver East,Liberal,28.2,9.9
59035,Vancouver East,Other,2,0.7
59036,Vancouver Granville,Green Party,3.1,9.2
59036,Vancouver Granville,Conservative,26.1,35.4
59036,Vancouver Granville,NDP-New Democratic Party,26.9,24.5
59036,Vancouver Granville,Liberal,43.9,30.1
59037,North Island--Powell River,NDP-New Democratic Party,40.2,41.7
59037,North Island--Powell River,Green Party,8.2,5.2
59037,North Island--Powell River,Liberal,25.5,6.4
59037,North Island--Powell River,Conservative,26.2,46
59038,Vancouver Kingsway,NDP-New Democratic Party,45.7,51.3
59038,Vancouver Kingsway,Liberal,27.8,16.2
59038,Vancouver Kingsway,Green Party,3.3,3.5
59038,Vancouver Kingsway,Conservative,21,27.8
59038,Vancouver Kingsway,Other,2.2,1.2
59039,Vancouver Quadra,NDP-New Democratic Party,10.9,14.4
59039,Vancouver Quadra,Green Party,4.2,5.6
59039,Vancouver Quadra,Conservative,25.8,36.4
59039,Vancouver Quadra,Liberal,58.7,43.5
59039,Vancouver Quadra,Other,0.4,0.0
59040,Vancouver South,Green Party,2.6,2.2
59040,Vancouver South,NDP-New Democratic Party,14,21.1
59040,Vancouver South,Liberal,48.8,33.8
59040,Vancouver South,Conservative,33.9,42.4
59040,Vancouver South,Other,0.8,0.6
59041,Victoria,NDP-New Democratic Party,42.3,50.8
59041,Victoria,Conservative,11.8,23.6
59041,Victoria,Green Party,32.9,11.6
59041,Victoria,Liberal,11.8,14.0
59041,Victoria,Other,1.2,0.0
59042,West Vancouver--Sunshine Coast--Sea to Sky Country,Liberal,54.6,23.8
59042,West Vancouver--Sunshine Coast--Sea to Sky Country,NDP-New Democratic Party,9.9,21.5
59042,West Vancouver--Sunshine Coast--Sea to Sky Country,Green Party,8.9,7.6
59042,West Vancouver--Sunshine Coast--Sea to Sky Country,Conservative,26.2,45.8
59042,West Vancouver--Sunshine Coast--Sea to Sky Country,Other,0.5,1.3
60001,Yukon,NDP-New Democratic Party,19.4,14.4
60001,Yukon,Liberal,53.7,32.9
60001,Yukon,Conservative,24.3,33.8
60001,Yukon,Green Party,2.6,18.9
61001,Northwest Territories,NDP-New Democratic Party,30.5,45.8
61001,Northwest Territories,Liberal,48.3,18.4
61001,Northwest Territories,Green Party,2.8,3.1
61001,Northwest Territories,Conservative,18.3,32.1
62001,Nunavut,Conservative,24.8,49.9
62001,Nunavut,NDP-New Democratic Party,26.6,19.4
62001,Nunavut,Green Party,1.5,2.0
62001,Nunavut,Liberal,47.1,28.7
